Rank,FirstName,LastName,Team,Position,ADP,Year,TeamPosRank,PosRank1_ADP,PosRank2_ADP,PosAmbiguity
1,Adrian,Peterson,MIN,RB,1.5,2013,RB1,1.5,183.26,False
2,Doug,Martin,TBB,RB,3.66,2013,RB1,3.66,,False
3,Arian,Foster,HOU,RB,4.58,2013,RB1,4.58,100.71,False
4,Marshawn,Lynch,SEA,RB,7.64,2013,RB1,7.64,157.24,False
5,Jamaal,Charles,KCC,RB,7.92,2013,RB1,7.92,177.17,False
6,Ray,Rice,BAL,RB,8.7,2013,RB1,8.7,130.8,False
7,Calvin,Johnson,DET,WR,8.99,2013,WR1,8.99,152.93,False
8,CJ,Spiller,BUF,RB,9.31,2013,RB1,9.31,131.07,False
9,Trent,Richardson,IND,RB,10.2,2013,RB1,10.2,78.73,False
10,LeSean,McCoy,PHI,RB,11.0,2013,RB1,11.0,127.37,False
11,Alfred,Morris,WAS,RB,13.93,2013,RB1,13.93,164.92,False
12,Matt,Forte,CHI,RB,17.02,2013,RB1,17.02,151.77,False
13,AJ,Green,CIN,WR,17.41,2013,WR1,17.41,164.7,False
14,Dez,Bryant,DAL,WR,17.78,2013,WR1,17.78,88.37,False
15,Chris,Johnson,TEN,RB,21.51,2013,RB1,21.51,158.92,False
16,Steven,Jackson,ATL,RB,21.72,2013,RB1,21.72,143.75,False
17,Julio,Jones,ATL,WR,21.83,2013,WR1,21.83,34.02,False
18,Brandon,Marshall,CHI,WR,22.96,2013,WR1,22.96,131.71,False
19,Jimmy,Graham,NOS,TE,24.33,2013,TE1,24.33,,False
20,Demaryius,Thomas,DEN,WR,24.84,2013,WR1,24.84,42.75,False
21,Stevan,Ridley,NEP,RB,27.29,2013,RB1,27.29,91.13,False
22,Maurice,JonesDrew,JAC,RB,27.45,2013,RB1,27.45,189.94,False
23,Larry,Fitzgerald,ARI,WR,29.91,2013,WR1,29.91,127.07,False
24,Reggie,Bush,DET,RB,31.18,2013,RB1,31.18,146.47,False
25,Andre,Johnson,HOU,WR,31.26,2013,WR1,31.26,121.53,False
26,Frank,Gore,SFO,RB,32.83,2013,RB1,32.83,165.84,False
27,Randall,Cobb,GBP,WR,33.23,2013,WR1,33.23,55.84,False
28,Roddy,White,ATL,WR,34.02,2013,WR2,21.83,34.02,False
29,David,Wilson,NYG,RB,36.24,2013,RB1,36.24,113.89,False
30,Victor,Cruz,NYG,WR,36.26,2013,WR1,36.26,57.44,True
31,DeMarco,Murray,DAL,RB,36.73,2013,RB1,36.73,173.21,False
32,Vincent,Jackson,TBB,WR,40.02,2013,WR1,40.02,99.43,True
33,Wes,Welker,DEN,WR,42.75,2013,WR2,24.84,42.75,False
34,Marques,Colston,NOS,WR,45.05,2013,WR1,45.05,105.62,True
35,Darren,McFadden,OAK,RB,45.96,2013,RB1,45.96,191.57,False
36,Darren,Sproles,NOS,RB,46.78,2013,RB1,46.78,97.24,True
37,Dwayne,Bowe,KCC,WR,48.27,2013,WR1,48.27,200.97,False
38,Eddie,Lacy,GBP,RB,49.06,2013,RB1,49.06,160.06,False
39,Rob,Gronkowski,NEP,TE,49.34,2013,TE1,49.34,,False
40,Danny,Amendola,NEP,WR,49.89,2013,WR1,49.89,118.1,False
41,Reggie,Wayne,IND,WR,50.59,2013,WR1,50.59,77.35,True
42,Lamar,Miller,MIA,RB,52.37,2013,RB1,52.37,173.45,False
43,Jordy,Nelson,GBP,WR,55.84,2013,WR2,33.23,55.84,False
44,Hakeem,Nicks,NYG,WR,57.44,2013,WR2,36.26,57.44,True
45,Torrey,Smith,BAL,WR,57.86,2013,WR1,57.86,171.15,False
46,Jason,Witten,DAL,TE,59.96,2013,TE1,59.96,,False
47,Pierre,Garcon,WAS,WR,60.56,2013,WR1,60.56,177.03,False
48,Eric,Decker,DEN,WR,60.85,2013,WR3,24.84,42.75,False
49,Vernon,Davis,SFO,TE,60.92,2013,TE1,60.92,,False
50,Montee,Ball,DEN,RB,62.24,2013,RB1,62.24,124.89,False
51,Ryan,Mathews,SDC,RB,63.27,2013,RB1,63.27,140.72,False
52,Antonio,Brown,PIT,WR,64.37,2013,WR1,64.37,128.59,False
53,Mike,Wallace,MIA,WR,64.45,2013,WR1,64.45,153.83,False
54,Tony,Gonzalez,ATL,TE,64.46,2013,TE1,64.46,,False
55,DeSean,Jackson,PHI,WR,69.58,2013,WR1,69.58,191.66,False
56,Giovani,Bernard,CIN,RB,70.16,2013,RB1,70.16,89.44,True
57,Steve,Smith,CAR,WR,70.81,2013,WR1,70.81,167.16,False
58,James,Jones,GBP,WR,72.42,2013,WR3,33.23,55.84,False
59,TY,Hilton,IND,WR,77.35,2013,WR2,50.59,77.35,True
60,Ahmad,Bradshaw,IND,RB,78.73,2013,RB2,10.2,78.73,False
61,Daryl,Richardson,STL,RB,78.88,2013,RB1,78.88,152.65,False
62,Chris,Ivory,NYJ,RB,80.59,2013,RB1,80.59,160.6,False
63,LeVeon,Bell,PIT,RB,83.64,2013,RB1,83.64,152.33,False
64,Tavon,Austin,STL,WR,84.22,2013,WR1,84.22,118.06,False
65,Jermichael,Finley,GBP,TE,84.76,2013,TE1,84.76,,False
66,Rashard,Mendenhall,ARI,RB,85.7,2013,RB1,85.7,178.98,False
67,Greg,Jennings,MIN,WR,87.12,2013,WR1,87.12,144.59,False
68,Miles,Austin,DAL,WR,88.37,2013,WR2,17.78,88.37,False
69,Cecil,Shorts,JAC,WR,88.54,2013,WR1,88.54,123.17,False
70,Anquan,Boldin,SFO,WR,88.73,2013,WR1,88.73,193.22,False
71,Steve,Johnson,BUF,WR,89.06,2013,WR1,89.06,181.69,False
72,DeAngelo,Williams,CAR,RB,89.23,2013,RB1,89.23,135.03,False
73,BenJarvus,GreenEllis,CIN,RB,89.44,2013,RB2,70.16,89.44,True
74,Kyle,Rudolph,MIN,TE,90.4,2013,TE1,90.4,,False
75,Shane,Vereen,NEP,RB,91.13,2013,RB2,27.29,91.13,False
76,Greg,Olsen,CAR,TE,95.57,2013,TE1,95.57,,False
77,Mark,Ingram,NOS,RB,97.24,2013,RB2,46.78,97.24,True
78,Mike,Williams,TBB,WR,99.43,2013,WR2,40.02,99.43,True
79,Josh,Gordon,CLE,WR,100.39,2013,WR1,100.39,169.57,False
80,Ben,Tate,HOU,RB,100.71,2013,RB2,4.58,100.71,False
81,Antonio,Gates,SDC,TE,104.04,2013,TE1,104.04,,False
82,Owen,Daniels,HOU,TE,105.18,2013,TE1,105.18,,False
83,Lance,Moore,NOS,WR,105.62,2013,WR2,45.05,105.62,True
84,Kenny,Britt,TEN,WR,105.65,2013,WR1,105.65,151.96,False
85,Jared,Cook,STL,TE,107.02,2013,TE1,107.02,,False
86,Andre,Brown,NYG,RB,113.89,2013,RB2,36.24,113.89,False
87,Golden,Tate,SEA,WR,115.49,2013,WR1,115.49,119.49,False
88,Chris,Givens,STL,WR,118.06,2013,WR2,84.22,118.06,False
89,Kenbrell,Thompkins,NEP,WR,118.1,2013,WR2,49.89,118.1,False
90,Vick,Ballard,IND,RB,119.07,2013,RB3,10.2,78.73,False
91,Sidney,Rice,SEA,WR,119.49,2013,WR2,115.49,119.49,False
92,DeAndre,Hopkins,HOU,WR,121.53,2013,WR2,31.26,121.53,False
93,Justin,Blackmon,JAC,WR,123.17,2013,WR2,88.54,123.17,False
94,Vincent,Brown,SDC,WR,124.11,2013,WR1,124.11,162.1,False
95,Jordan,Cameron,CLE,TE,124.18,2013,TE1,124.18,,False
96,Ronnie,Hillman,DEN,RB,124.89,2013,RB2,62.24,124.89,False
97,Michael,Floyd,ARI,WR,127.07,2013,WR2,29.91,127.07,False
98,Bryce,Brown,PHI,RB,127.37,2013,RB2,11.0,127.37,False
99,Emmanuel,Sanders,PIT,WR,128.59,2013,WR2,64.37,128.59,False
100,Bernard,Pierce,BAL,RB,130.8,2013,RB2,8.7,130.8,False
101,Fred,Jackson,BUF,RB,131.07,2013,RB2,9.31,131.07,False
102,Alshon,Jeffery,CHI,WR,131.71,2013,WR2,22.96,131.71,False
103,Martellus,Bennett,CHI,TE,133.6,2013,TE1,133.6,,False
104,Jonathan,Stewart,CAR,RB,135.03,2013,RB2,89.23,135.03,False
105,Brandon,Pettigrew,DET,TE,136.04,2013,TE1,136.04,,False
106,Denarius,Moore,OAK,WR,136.48,2013,WR1,136.48,196.79,False
107,Brandon,Myers,NYG,TE,136.98,2013,TE1,136.98,,False
108,Zach,Sudfeld,NYJ,TE,139.18,2013,TE1,139.18,,False
109,Danny,Woodhead,SDC,RB,140.72,2013,RB2,63.27,140.72,False
111,Fred,Davis,WAS,TE,142.52,2013,TE1,142.52,,False
112,Jacquizz,Rodgers,ATL,RB,143.75,2013,RB2,21.72,143.75,False
113,Pierre,Thomas,NOS,RB,144.17,2013,RB3,46.78,97.24,True
114,Cordarrelle,Patterson,MIN,WR,144.59,2013,WR2,87.12,144.59,False
115,Jermaine,Gresham,CIN,TE,145.15,2013,TE1,145.15,154.23,False
116,Mikel,Leshoure,DET,RB,146.47,2013,RB2,31.18,146.47,False
117,Knowshon,Moreno,DEN,RB,150.15,2013,RB3,62.24,124.89,False
118,Michael,Bush,CHI,RB,151.77,2013,RB2,17.02,151.77,False
119,Kendall,Wright,TEN,WR,151.96,2013,WR2,105.65,151.96,False
120,Jonathan,Dwyer,PIT,RB,152.33,2013,RB2,83.64,152.33,False
121,Isaiah,Pead,STL,RB,152.65,2013,RB2,78.88,152.65,False
122,Ryan,Broyles,DET,WR,152.93,2013,WR2,8.99,152.93,False
123,Brian,Hartline,MIA,WR,153.83,2013,WR2,64.45,153.83,False
124,Rueben,Randle,NYG,WR,154.1,2013,WR3,36.26,57.44,True
125,Tyler,Eifert,CIN,TE,154.23,2013,TE2,145.15,154.23,False
126,Darrius,HeywardBey,IND,WR,154.43,2013,WR3,50.59,77.35,True
127,Joique,Bell,DET,RB,156.35,2013,RB3,31.18,146.47,False
128,Christine,Michael,SEA,RB,157.24,2013,RB2,7.64,157.24,False
129,Shonn,Greene,TEN,RB,158.92,2013,RB2,21.51,158.92,False
130,Johnathan,Franklin,GBP,RB,160.06,2013,RB2,49.06,160.06,False
131,Bilal,Powell,NYJ,RB,160.6,2013,RB2,80.59,160.6,False
132,Julius,Thomas,DEN,TE,160.66,2013,TE1,160.66,208.31,False
134,Malcom,Floyd,SDC,WR,162.1,2013,WR2,124.11,162.1,False
133,Coby,Fleener,IND,TE,162.1,2013,TE1,162.1,177.66,False
135,Heath,Miller,PIT,TE,163.1,2013,TE1,163.1,,False
136,Aaron,Dobson,NEP,WR,164.32,2013,WR3,49.89,118.1,False
137,Mohamed,Sanu,CIN,WR,164.7,2013,WR2,17.41,164.7,False
138,Roy,Helu,WAS,RB,164.92,2013,RB2,13.93,164.92,False
139,LaMichael,James,SFO,RB,165.84,2013,RB2,32.83,165.84,False
140,Brandon,LaFell,CAR,WR,167.16,2013,WR2,70.81,167.16,False
141,Kendall,Hunter,SFO,RB,169.17,2013,RB3,32.83,165.84,False
142,Greg,Little,CLE,WR,169.57,2013,WR2,100.39,169.57,False
143,Jacoby,Jones,BAL,WR,171.15,2013,WR2,57.86,171.15,False
144,Zach,Miller,SEA,TE,172.08,2013,TE1,172.08,,False
145,Zac,Stacy,STL,RB,172.74,2013,RB3,78.88,152.65,False
146,Joseph,Randle,DAL,RB,173.21,2013,RB2,36.73,173.21,False
147,Daniel,Thomas,MIA,RB,173.45,2013,RB2,52.37,173.45,False
148,Santana,Moss,WAS,WR,177.03,2013,WR2,60.56,177.03,False
149,Knile,Davis,KCC,RB,177.17,2013,RB2,7.92,177.17,False
150,Dwayne,Allen,IND,TE,177.66,2013,TE2,162.1,177.66,False
151,Santonio,Holmes,NYJ,WR,178.83,2013,WR1,178.83,203.34,False
152,Ryan,Williams,ARI,RB,178.98,2013,RB2,85.7,178.98,False
153,Brent,Celek,PHI,TE,179.3,2013,TE1,179.3,190.63,False
154,Robert,Turbin,SEA,RB,180.22,2013,RB3,7.64,157.24,False
155,Robert,Woods,BUF,WR,181.69,2013,WR2,89.06,181.69,False
156,Ed,Dickson,BAL,TE,182.05,2013,TE1,182.05,,False
157,Kenny,Stills,NOS,WR,182.47,2013,WR3,45.05,105.62,True
158,Felix,Jones,PIT,RB,182.51,2013,RB3,83.64,152.33,False
159,Markus,Wheaton,PIT,WR,182.54,2013,WR3,64.37,128.59,False
160,Julian,Edelman,NEP,WR,182.62,2013,WR4,49.89,118.1,False
161,Toby,Gerhart,MIN,RB,183.26,2013,RB2,1.5,183.26,False
162,Andre,Roberts,ARI,WR,184.11,2013,WR3,29.91,127.07,False
163,Robert,Housler,ARI,TE,184.61,2013,TE1,184.61,,False
164,DuJuan,Harris,GBP,RB,188.78,2013,RB3,49.06,160.06,False
165,LeGarrette,Blount,NEP,RB,189.67,2013,RB3,27.29,91.13,False
166,Denard,Robinson,JAC,RB,189.94,2013,RB2,27.45,189.94,False
167,Zach,Ertz,PHI,TE,190.63,2013,TE2,179.3,190.63,False
168,Marcel,Reece,OAK,RB,191.57,2013,RB2,45.96,191.57,False
169,Riley,Cooper,PHI,WR,191.66,2013,WR2,69.58,191.66,False
170,Quinton,Patton,SFO,WR,193.22,2013,WR2,88.73,193.22,False
171,Marcus,Lattimore,SFO,RB,193.45,2013,RB4,32.83,165.84,False
172,Lance,Dunbar,DAL,RB,194.15,2013,RB3,36.73,173.21,False
173,Mike,Tolbert,CAR,RB,194.16,2013,RB3,89.23,135.03,False
174,Keenan,Allen,SDC,WR,195.67,2013,WR3,124.11,162.1,False
175,Rashad,Jennings,OAK,RB,195.94,2013,RB3,45.96,191.57,False
176,Nate,Washington,TEN,WR,196.73,2013,WR3,105.65,151.96,False
177,Rod,Streater,OAK,WR,196.79,2013,WR2,136.48,196.79,False
178,Marcedes,Lewis,JAC,TE,197.7,2013,TE1,197.7,,False
179,Stepfan,Taylor,ARI,RB,200.95,2013,RB3,85.7,178.98,False
180,Donnie,Avery,KCC,WR,200.97,2013,WR2,48.27,200.97,False
181,Nate,Burleson,DET,WR,202.15,2013,WR3,8.99,152.93,False
182,Stephen,Hill,NYJ,WR,203.34,2013,WR2,178.83,203.34,False
183,Jacob,Tamme,DEN,TE,208.31,2013,TE2,160.66,208.31,False
184,Justin,Hunter,TEN,WR,208.59,2013,WR4,105.65,151.96,False
185,Brian,Quick,STL,WR,209.62,2013,WR3,84.22,118.06,False
186,Dexter,McCluster,KCC,WR,214.86,2013,WR3,48.27,200.97,False
187,Jeremy,Kerley,NYJ,WR,217.76,2013,WR3,178.83,203.34,False
1,LeSean,McCoy,PHI,RB,2.44,2014,RB1,2.44,102.68,False
2,Jamaal,Charles,KCC,RB,3.4,2014,RB1,3.4,157.55,False
3,Calvin,Johnson,DET,WR,6.54,2014,WR1,6.54,91.86,False
4,Matt,Forte,CHI,RB,6.9,2014,RB1,6.9,191.44,False
5,Eddie,Lacy,GBP,RB,8.46,2014,RB1,8.46,167.59,False
6,Demaryius,Thomas,DEN,WR,10.46,2014,WR1,10.46,68.31,False
7,Jimmy,Graham,NOS,TE,11.44,2014,TE1,11.44,,False
8,Marshawn,Lynch,SEA,RB,11.52,2014,RB1,11.52,144.18,False
9,Dez,Bryant,DAL,WR,14.5,2014,WR1,14.5,97.56,False
10,AJ,Green,CIN,WR,15.02,2014,WR1,15.02,156.99,False
11,Montee,Ball,DEN,RB,17.07,2014,RB1,17.07,172.39,False
12,Julio,Jones,ATL,WR,18.25,2014,WR1,18.25,50.41,False
13,DeMarco,Murray,DAL,RB,18.28,2014,RB1,18.28,174.38,False
14,Brandon,Marshall,CHI,WR,18.77,2014,WR1,18.77,26.74,False
15,Giovani,Bernard,CIN,RB,22.51,2014,RB1,22.51,126.51,False
16,Jordy,Nelson,GBP,WR,23.48,2014,WR1,23.48,30.94,False
17,Arian,Foster,HOU,RB,24.23,2014,RB1,24.23,174.09,False
18,Doug,Martin,TBB,RB,24.61,2014,RB1,24.61,,False
19,Alshon,Jeffery,CHI,WR,26.74,2014,WR2,18.77,26.74,False
20,Antonio,Brown,PIT,WR,27.13,2014,WR1,27.13,142.67,False
21,LeVeon,Bell,PIT,RB,28.49,2014,RB1,28.49,63.03,False
22,Julius,Thomas,DEN,TE,29.46,2014,TE1,29.46,,False
23,Alfred,Morris,WAS,RB,29.74,2014,RB1,29.74,182.87,False
24,Randall,Cobb,GBP,WR,30.94,2014,WR2,23.48,30.94,False
25,Rob,Gronkowski,NEP,TE,32.22,2014,TE1,32.22,164.96,False
26,Zac,Stacy,STL,RB,32.75,2014,RB1,32.75,161.96,False
27,Andre,Ellington,ARI,RB,35.51,2014,RB1,35.51,,False
28,Keenan,Allen,SDC,WR,37.16,2014,WR1,37.16,182.17,False
29,Reggie,Bush,DET,RB,38.66,2014,RB1,38.66,72.81,True
30,Vincent,Jackson,TBB,WR,42.94,2014,WR1,42.94,107.11,True
31,Larry,Fitzgerald,ARI,WR,43.8,2014,WR1,43.8,60.01,True
32,CJ,Spiller,BUF,RB,45.03,2014,RB1,45.03,108.23,False
33,Victor,Cruz,NYG,WR,45.16,2014,WR1,45.16,122.47,False
34,Andre,Johnson,HOU,WR,45.48,2014,WR1,45.48,119.6,False
35,Pierre,Garcon,WAS,WR,46.13,2014,WR1,46.13,55.5,True
36,Cordarrelle,Patterson,MIN,WR,48.3,2014,WR1,48.3,147.87,False
37,Ryan,Mathews,SDC,RB,49.91,2014,RB1,49.91,118.05,False
38,Roddy,White,ATL,WR,50.41,2014,WR2,18.25,50.41,False
39,Percy,Harvin,NYJ,WR,52.8,2014,WR1,52.8,87.21,True
40,Michael,Crabtree,SFO,WR,53.42,2014,WR1,53.42,119.28,False
41,Frank,Gore,SFO,RB,54.66,2014,RB1,54.66,109.17,False
42,Vernon,Davis,SFO,TE,55.26,2014,TE1,55.26,,False
43,DeSean,Jackson,WAS,WR,55.5,2014,WR2,46.13,55.5,True
44,Shane,Vereen,NEP,RB,55.9,2014,RB1,55.9,95.72,True
45,Toby,Gerhart,JAC,RB,55.98,2014,RB1,55.98,,False
46,Rashad,Jennings,NYG,RB,58.59,2014,RB1,58.59,138.86,False
47,Michael,Floyd,ARI,WR,60.01,2014,WR2,43.8,60.01,True
48,TY,Hilton,IND,WR,60.24,2014,WR1,60.24,92.38,True
49,Ben,Tate,PIT,RB,63.03,2014,RB2,28.49,63.03,False
50,Chris,Johnson,NYJ,RB,63.37,2014,RB1,63.37,151.06,False
51,Jordan,Cameron,CLE,TE,63.47,2014,TE1,63.47,,False
52,Bishop,Sankey,TEN,RB,67.0,2014,RB1,67.0,154.63,False
53,Wes,Welker,DEN,WR,68.31,2014,WR2,10.46,68.31,False
54,Torrey,Smith,BAL,WR,68.35,2014,WR1,68.35,144.59,False
55,Julian,Edelman,NEP,WR,69.06,2014,WR1,69.06,138.61,False
56,Emmanuel,Sanders,DEN,WR,69.64,2014,WR3,10.46,68.31,False
57,Trent,Richardson,IND,RB,70.22,2014,RB1,70.22,161.32,False
58,Jeremy,Maclin,PHI,WR,70.98,2014,WR1,70.98,112.94,False
59,Jason,Witten,DAL,TE,71.02,2014,TE1,71.02,,False
60,Joique,Bell,DET,RB,72.81,2014,RB2,38.66,72.81,True
61,Marques,Colston,NOS,WR,77.69,2014,WR1,77.69,92.3,True
62,Mike,Wallace,MIA,WR,82.99,2014,WR1,82.99,161.57,False
63,Sammy,Watkins,BUF,WR,84.66,2014,WR1,84.66,186.73,False
64,Maurice,JonesDrew,OAK,RB,86.01,2014,RB1,86.01,131.69,False
65,Eric,Decker,NYJ,WR,87.21,2014,WR2,52.8,87.21,True
66,Kyle,Rudolph,MIN,TE,88.24,2014,TE1,88.24,,False
67,Jordan,Reed,WAS,TE,89.38,2014,TE1,89.38,,False
68,Pierre,Thomas,NOS,RB,91.74,2014,RB1,91.74,122.26,False
69,Golden,Tate,DET,WR,91.86,2014,WR2,6.54,91.86,False
70,Greg,Olsen,CAR,TE,92.19,2014,TE1,92.19,,False
71,Brandin,Cooks,NOS,WR,92.3,2014,WR2,77.69,92.3,True
72,Reggie,Wayne,IND,WR,92.38,2014,WR2,60.24,92.38,True
73,Kendall,Wright,TEN,WR,92.44,2014,WR1,92.44,127.13,False
74,Knowshon,Moreno,MIA,RB,94.31,2014,RB1,94.31,99.36,True
75,Steven,Jackson,ATL,RB,95.05,2014,RB1,95.05,124.68,False
76,Stevan,Ridley,NEP,RB,95.72,2014,RB2,55.9,95.72,True
77,Terrance,Williams,DAL,WR,97.56,2014,WR2,14.5,97.56,False
78,Dennis,Pitta,BAL,TE,99.13,2014,TE1,99.13,,False
79,Lamar,Miller,MIA,RB,99.36,2014,RB2,94.31,99.36,True
80,Darren,Sproles,PHI,RB,102.68,2014,RB2,2.44,102.68,False
81,Zach,Ertz,PHI,TE,103.44,2014,TE1,103.44,180.63,False
82,Mike,Evans,TBB,WR,107.11,2014,WR2,42.94,107.11,True
83,Kelvin,Benjamin,CAR,WR,107.31,2014,WR1,107.31,187.95,False
84,Fred,Jackson,BUF,RB,108.23,2014,RB2,45.03,108.23,False
85,Carlos,Hyde,SFO,RB,109.17,2014,RB2,54.66,109.17,False
86,Riley,Cooper,PHI,WR,112.94,2014,WR2,70.98,112.94,False
87,Dwayne,Bowe,KCC,WR,113.46,2014,WR1,113.46,,False
88,Martellus,Bennett,CHI,TE,117.94,2014,TE1,117.94,,False
89,Danny,Woodhead,SDC,RB,118.05,2014,RB2,49.91,118.05,False
90,Anquan,Boldin,SFO,WR,119.28,2014,WR2,53.42,119.28,False
91,DeAndre,Hopkins,HOU,WR,119.6,2014,WR2,45.48,119.6,False
92,Bernard,Pierce,BAL,RB,120.38,2014,RB1,120.38,,False
93,Mark,Ingram,NOS,RB,122.26,2014,RB2,91.74,122.26,False
94,Rueben,Randle,NYG,WR,122.47,2014,WR2,45.16,122.47,False
95,Devonta,Freeman,ATL,RB,124.68,2014,RB2,95.05,124.68,False
96,DeAngelo,Williams,CAR,RB,125.31,2014,RB1,125.31,154.9,False
97,Jeremy,Hill,CIN,RB,126.51,2014,RB2,22.51,126.51,False
98,Tavon,Austin,STL,WR,126.61,2014,WR1,126.61,166.28,False
99,Justin,Hunter,TEN,WR,127.13,2014,WR2,92.44,127.13,False
100,Ladarius,Green,SDC,TE,129.39,2014,TE1,129.39,134.76,False
101,Cecil,Shorts,JAC,WR,130.59,2014,WR1,130.59,162.44,False
102,Hakeem,Nicks,IND,WR,130.82,2014,WR3,60.24,92.38,True
103,Darren,McFadden,OAK,RB,131.69,2014,RB2,86.01,131.69,False
104,Antonio,Gates,SDC,TE,134.76,2014,TE2,129.39,134.76,False
105,Terrance,West,CLE,RB,136.35,2014,RB1,136.35,,False
106,Eric,Ebron,DET,TE,137.01,2014,TE1,137.01,,False
107,Charles,Clay,MIA,TE,137.09,2014,TE1,137.09,,False
108,Danny,Amendola,NEP,WR,138.61,2014,WR2,69.06,138.61,False
109,Andre,Williams,NYG,RB,138.86,2014,RB2,58.59,138.86,False
110,Markus,Wheaton,PIT,WR,142.67,2014,WR2,27.13,142.67,False
111,Jordan,Matthews,PHI,WR,142.77,2014,WR3,70.98,112.94,False
112,Heath,Miller,PIT,TE,143.56,2014,TE1,143.56,,False
113,Christine,Michael,SEA,RB,144.18,2014,RB2,11.52,144.18,False
114,Kenny,Stills,NOS,WR,144.52,2014,WR3,77.69,92.3,True
115,Steve,Smith,BAL,WR,144.59,2014,WR2,68.35,144.59,False
116,Khiry,Robinson,NOS,RB,144.87,2014,RB3,91.74,122.26,False
117,Greg,Jennings,MIN,WR,147.87,2014,WR2,48.3,147.87,False
118,LeGarrette,Blount,NEP,RB,150.44,2014,RB3,55.9,95.72,True
119,Jarrett,Boykin,GBP,WR,151.01,2014,WR3,23.48,30.94,False
120,Chris,Ivory,NYJ,RB,151.06,2014,RB2,63.37,151.06,False
121,Tyler,Eifert,CIN,TE,153.9,2014,TE1,153.9,,False
122,Shonn,Greene,TEN,RB,154.63,2014,RB2,67.0,154.63,False
123,Jonathan,Stewart,CAR,RB,154.9,2014,RB2,125.31,154.9,False
124,Marvin,Jones,CIN,WR,156.99,2014,WR2,15.02,156.99,False
125,James,Jones,OAK,WR,157.46,2014,WR1,157.46,184.38,False
126,Knile,Davis,KCC,RB,157.55,2014,RB2,3.4,157.55,False
127,Dwayne,Allen,IND,TE,158.03,2014,TE1,158.03,163.83,False
128,Aaron,Dobson,NEP,WR,159.77,2014,WR3,69.06,138.61,False
129,Delanie,Walker,TEN,TE,161.13,2014,TE1,161.13,,False
130,Ahmad,Bradshaw,IND,RB,161.32,2014,RB2,70.22,161.32,False
131,Travis,Kelce,KCC,TE,161.52,2014,TE1,161.52,,False
132,Brian,Hartline,MIA,WR,161.57,2014,WR2,82.99,161.57,False
133,Tre,Mason,STL,RB,161.96,2014,RB2,32.75,161.96,False
134,Marqise,Lee,JAC,WR,162.44,2014,WR2,130.59,162.44,False
135,Doug,Baldwin,SEA,WR,163.4,2014,WR1,163.4,,False
136,Coby,Fleener,IND,TE,163.83,2014,TE2,158.03,163.83,False
137,Tim,Wright,NEP,TE,164.96,2014,TE2,32.22,164.96,False
138,Miles,Austin,CLE,WR,165.9,2014,WR1,165.9,180.03,False
139,Kenny,Britt,STL,WR,166.28,2014,WR2,126.61,166.28,False
140,James,Starks,GBP,RB,167.59,2014,RB2,8.46,167.59,False
141,Ronnie,Hillman,DEN,RB,172.39,2014,RB2,17.07,172.39,False
142,Odell,Beckham,NYG,WR,172.92,2014,WR3,45.16,122.47,False
143,James,White,NEP,RB,172.93,2014,RB4,55.9,95.72,True
144,Jonathan,Grimes,HOU,RB,174.09,2014,RB2,24.23,174.09,False
145,Lance,Dunbar,DAL,RB,174.38,2014,RB2,18.28,174.38,False
146,Cody,Latimer,DEN,WR,175.46,2014,WR4,10.46,68.31,False
147,Donald,Brown,SDC,RB,176.49,2014,RB3,49.91,118.05,False
148,Jared,Cook,STL,TE,178.82,2014,TE1,178.82,,False
149,Richard,Rodgers,GBP,TE,179.44,2014,TE1,179.44,182.52,False
150,Benny,Cunningham,STL,RB,179.75,2014,RB3,32.75,161.96,False
151,Andrew,Hawkins,CLE,WR,180.03,2014,WR2,165.9,180.03,False
152,Brent,Celek,PHI,TE,180.63,2014,TE2,103.44,180.63,False
153,Austin,SeferianJenkins,TBB,TE,181.32,2014,TE1,181.32,,False
154,Malcom,Floyd,SDC,WR,182.17,2014,WR2,37.16,182.17,False
155,Andrew,Quarless,GBP,TE,182.52,2014,TE2,179.44,182.52,False
156,Garrett,Graham,HOU,TE,182.64,2014,TE1,182.64,,False
157,Roy,Helu,WAS,RB,182.87,2014,RB2,29.74,182.87,False
158,Steve,Johnson,SFO,WR,183.82,2014,WR3,53.42,119.28,False
159,Rod,Streater,OAK,WR,184.38,2014,WR2,157.46,184.38,False
160,Brandon,LaFell,NEP,WR,184.39,2014,WR4,69.06,138.61,False
161,Mohamed,Sanu,CIN,WR,186.12,2014,WR3,15.02,156.99,False
162,Robert,Woods,BUF,WR,186.73,2014,WR2,84.66,186.73,False
163,Kenbrell,Thompkins,OAK,WR,187.33,2014,WR3,157.46,184.38,False
164,Jerricho,Cotchery,CAR,WR,187.95,2014,WR2,107.31,187.95,False
165,CJ,Anderson,DEN,RB,188.03,2014,RB3,17.07,172.39,False
166,Jacquizz,Rodgers,ATL,RB,188.75,2014,RB3,95.05,124.68,False
167,Dexter,McCluster,TEN,RB,190.24,2014,RB3,67.0,154.63,False
168,Bryce,Brown,BUF,RB,190.58,2014,RB3,45.03,108.23,False
169,Davante,Adams,GBP,WR,191.03,2014,WR4,23.48,30.94,False
170,Jace,Amaro,NYJ,TE,191.43,2014,TE1,191.43,,False
171,KaDeem,Carey,CHI,RB,191.44,2014,RB2,6.9,191.44,False
172,Dri,Archer,PIT,RB,193.76,2014,RB3,28.49,63.03,False
173,Jerick,McKinnon,MIN,RB,194.06,2014,RB1,194.06,,False
174,Denarius,Moore,OAK,WR,195.23,2014,WR4,157.46,184.38,False
175,Robert,Turbin,SEA,RB,195.28,2014,RB3,11.52,144.18,False
177,Harry,Douglas,ATL,WR,196.29,2014,WR3,18.25,50.41,False
178,John,Brown,ARI,WR,200.74,2014,WR3,43.8,60.01,True
180,Alfred,Blue,HOU,RB,206.53,2014,RB3,24.23,174.09,False
181,Allen,Robinson,JAC,WR,207.75,2014,WR3,130.59,162.44,False
182,Levine,Toilolo,ATL,TE,210.57,2014,TE1,210.57,,False
183,Marcedes,Lewis,JAC,TE,210.86,2014,TE1,210.86,,False
1,Adrian,Peterson,MIN,RB,5.53,2015,RB1,5.53,181.75,False
2,LeVeon,Bell,PIT,RB,5.62,2015,RB1,5.62,141.09,False
3,Antonio,Brown,PIT,WR,6.75,2015,WR1,6.75,67.79,False
4,Eddie,Lacy,GBP,RB,6.92,2015,RB1,6.92,170.67,False
5,Odell,Beckham,NYG,WR,8.39,2015,WR1,8.39,94.58,False
6,Jamaal,Charles,KCC,RB,8.63,2015,RB1,8.63,125.15,False
7,Marshawn,Lynch,SEA,RB,10.9,2015,RB1,10.9,167.44,False
8,Dez,Bryant,DAL,WR,12.74,2015,WR1,12.74,131.11,False
9,Demaryius,Thomas,DEN,WR,13.46,2015,WR1,13.46,37.27,False
10,Julio,Jones,ATL,WR,14.01,2015,WR1,14.01,98.92,False
11,Rob,Gronkowski,NEP,TE,15.89,2015,TE1,15.89,196.33,False
12,Calvin,Johnson,DET,WR,17.45,2015,WR1,17.45,50.9,False
13,DeMarco,Murray,PHI,RB,17.51,2015,RB1,17.51,109.68,False
14,CJ,Anderson,DEN,RB,17.57,2015,RB1,17.57,151.04,False
15,Matt,Forte,CHI,RB,19.12,2015,RB1,19.12,169.79,False
16,AJ,Green,CIN,WR,20.41,2015,WR1,20.41,166.25,False
17,Jeremy,Hill,CIN,RB,20.46,2015,RB1,20.46,81.06,False
18,Randall,Cobb,GBP,WR,21.72,2015,WR1,21.72,66.63,False
19,LeSean,McCoy,BUF,RB,22.8,2015,RB1,22.8,255.41,False
20,TY,Hilton,IND,WR,24.76,2015,WR1,24.76,51.9,False
21,Alshon,Jeffery,CHI,WR,29.5,2015,WR1,29.5,146.51,False
22,Jimmy,Graham,SEA,TE,30.85,2015,TE1,30.85,,False
23,Justin,Forsett,BAL,RB,31.56,2015,RB1,31.56,178.93,False
24,Mike,Evans,TBB,WR,31.95,2015,WR1,31.95,82.23,False
25,Lamar,Miller,MIA,RB,32.82,2015,RB1,32.82,174.8,False
26,Brandin,Cooks,NOS,WR,33.28,2015,WR1,33.28,125.8,False
27,DeAndre,Hopkins,HOU,WR,35.4,2015,WR1,35.4,170.88,False
28,Mark,Ingram,NOS,RB,35.65,2015,RB1,35.65,76.52,False
29,Melvin,Gordon,SDC,RB,36.72,2015,RB1,36.72,140.25,False
30,Emmanuel,Sanders,DEN,WR,37.27,2015,WR2,13.46,37.27,False
31,Frank,Gore,IND,RB,38.89,2015,RB1,38.89,194.0,False
32,Jordan,Matthews,PHI,WR,40.36,2015,WR1,40.36,76.35,True
33,Carlos,Hyde,SFO,RB,43.27,2015,RB1,43.27,146.66,False
34,Alfred,Morris,WAS,RB,43.28,2015,RB1,43.28,156.72,False
35,Latavius,Murray,OAK,RB,44.47,2015,RB1,44.47,176.4,False
36,Amari,Cooper,OAK,WR,45.54,2015,WR1,45.54,154.88,False
37,Todd,Gurley,STL,RB,48.41,2015,RB1,48.41,107.57,True
38,Golden,Tate,DET,WR,50.9,2015,WR2,17.45,50.9,False
40,Joseph,Randle,FA*,RB,50.91,2015,RB1,50.91,159.07,False
39,Keenan,Allen,SDC,WR,50.91,2015,WR1,50.91,153.39,False
41,Andre,Johnson,IND,WR,51.9,2015,WR2,24.76,51.9,False
42,Julian,Edelman,NEP,WR,54.37,2015,WR1,54.37,128.27,False
43,Greg,Olsen,CAR,TE,55.26,2015,TE1,55.26,,False
44,Ameer,Abdullah,DET,RB,56.13,2015,RB1,56.13,90.28,True
45,Sammy,Watkins,BUF,WR,57.31,2015,WR1,57.31,154.46,False
46,Jonathan,Stewart,CAR,RB,59.31,2015,RB1,59.31,184.23,False
47,Travis,Kelce,KCC,TE,59.7,2015,TE1,59.7,,False
48,Jeremy,Maclin,KCC,WR,60.32,2015,WR1,60.32,247.38,False
49,Brandon,Marshall,NYJ,WR,60.65,2015,WR1,60.65,112.65,False
50,Andre,Ellington,ARI,RB,61.76,2015,RB1,61.76,142.99,False
51,TJ,Yeldon,JAC,RB,63.38,2015,RB1,63.38,161.9,False
52,DeSean,Jackson,WAS,WR,65.21,2015,WR1,65.21,139.99,False
53,Doug,Martin,TBB,RB,65.77,2015,RB1,65.77,158.11,False
54,Jarvis,Landry,MIA,WR,65.82,2015,WR1,65.82,123.74,False
55,Davante,Adams,GBP,WR,66.63,2015,WR2,21.72,66.63,False
56,Martavis,Bryant,PIT,WR,67.79,2015,WR2,6.75,67.79,False
57,Arian,Foster,HOU,RB,69.74,2015,RB1,69.74,101.97,True
58,LeGarrette,Blount,NEP,RB,73.99,2015,RB1,73.99,200.06,False
59,Nelson,Agholor,PHI,WR,76.35,2015,WR2,40.36,76.35,True
60,Chris,Ivory,NYJ,RB,76.4,2015,RB1,76.4,227.75,False
61,CJ,Spiller,NOS,RB,76.52,2015,RB2,35.65,76.52,False
62,Martellus,Bennett,CHI,TE,78.72,2015,TE1,78.72,,False
63,Allen,Robinson,JAC,WR,80.3,2015,WR1,80.3,163.03,False
64,Giovani,Bernard,CIN,RB,81.06,2015,RB2,20.46,81.06,False
65,Vincent,Jackson,TBB,WR,82.23,2015,WR2,31.95,82.23,False
66,Mike,Wallace,MIN,WR,85.29,2015,WR1,85.29,95.01,True
67,Larry,Fitzgerald,ARI,WR,86.49,2015,WR1,86.49,103.28,True
68,Julius,Thomas,JAC,TE,86.86,2015,TE1,86.86,,False
69,Jason,Witten,DAL,TE,87.56,2015,TE1,87.56,,False
70,Joique,Bell,DET,RB,90.28,2015,RB2,56.13,90.28,True
71,Rashad,Jennings,NYG,RB,90.98,2015,RB1,90.98,113.86,False
72,Tevin,Coleman,ATL,RB,92.46,2015,RB1,92.46,104.3,True
73,Victor,Cruz,NYG,WR,94.58,2015,WR2,8.39,94.58,False
74,Charles,Johnson,MIN,WR,95.01,2015,WR2,85.29,95.01,True
75,Isaiah,Crowell,CLE,RB,95.13,2015,RB1,95.13,120.64,False
76,Roddy,White,ATL,WR,98.92,2015,WR2,14.01,98.92,False
77,Jordan,Cameron,MIA,TE,99.12,2015,TE1,99.12,,False
78,Alfred,Blue,HOU,RB,101.97,2015,RB2,69.74,101.97,True
79,Steve,Smith,BAL,WR,103.24,2015,WR1,103.24,135.71,False
80,John,Brown,ARI,WR,103.28,2015,WR2,86.49,103.28,True
81,Torrey,Smith,SFO,WR,104.08,2015,WR1,104.08,123.48,False
82,Devonta,Freeman,ATL,RB,104.3,2015,RB2,92.46,104.3,True
83,Michael,Floyd,ARI,WR,106.86,2015,WR3,86.49,103.28,True
84,Tre,Mason,STL,RB,107.57,2015,RB2,48.41,107.57,True
85,Zach,Ertz,PHI,TE,107.95,2015,TE1,107.95,348.78,False
86,Darren,McFadden,DAL,RB,108.6,2015,RB1,108.6,224.94,False
87,Ryan,Mathews,PHI,RB,109.68,2015,RB2,17.51,109.68,False
88,Eric,Decker,NYJ,WR,112.65,2015,WR2,60.65,112.65,False
89,Shane,Vereen,NYG,RB,113.86,2015,RB2,90.98,113.86,False
90,Tyler,Eifert,CIN,TE,114.05,2015,TE1,114.05,,False
91,Bishop,Sankey,TEN,RB,115.47,2015,RB1,115.47,133.65,False
92,Delanie,Walker,TEN,TE,115.89,2015,TE1,115.89,,False
93,Devin,Funchess,CAR,WR,118.09,2015,WR1,118.09,,False
94,Dwayne,Allen,IND,TE,120.14,2015,TE1,120.14,154.66,False
95,Duke,Johnson,CLE,RB,120.64,2015,RB2,95.13,120.64,False
96,Antonio,Gates,SDC,TE,121.01,2015,TE1,121.01,176.62,False
97,Owen,Daniels,DEN,TE,122.74,2015,TE1,122.74,143.63,False
98,Anquan,Boldin,SFO,WR,123.48,2015,WR2,104.08,123.48,False
99,DeVante,Parker,MIA,WR,123.74,2015,WR2,65.82,123.74,False
100,Charcandrick,West,KCC,RB,125.15,2015,RB2,8.63,125.15,False
101,Marques,Colston,NOS,WR,125.8,2015,WR2,33.28,125.8,False
102,Brandon,LaFell,NEP,WR,128.27,2015,WR2,54.37,128.27,False
103,Terrance,Williams,DAL,WR,131.11,2015,WR2,12.74,131.11,False
104,Kendall,Wright,TEN,WR,131.65,2015,WR1,131.65,144.79,False
105,Gary,Barnidge,CLE,TE,132.54,2015,TE1,132.54,,False
106,David,Cobb,TEN,RB,133.65,2015,RB2,115.47,133.65,False
107,Darren,Sproles,PHI,RB,134.32,2015,RB3,17.51,109.68,False
108,Breshad,Perriman,BAL,WR,135.71,2015,WR2,103.24,135.71,False
109,Markus,Wheaton,PIT,WR,136.33,2015,WR3,6.75,67.79,False
110,Josh,Hill,NOS,TE,138.51,2015,TE1,138.51,172.62,False
111,Kyle,Rudolph,MIN,TE,139.2,2015,TE1,139.2,,False
112,Pierre,Garcon,WAS,WR,139.99,2015,WR2,65.21,139.99,False
113,Danny,Woodhead,SDC,RB,140.25,2015,RB2,36.72,140.25,False
114,Knile,Davis,KCC,RB,140.49,2015,RB3,8.63,125.15,False
115,DeAngelo,Williams,PIT,RB,141.09,2015,RB2,5.62,141.09,False
116,David,Johnson,ARI,RB,142.99,2015,RB2,61.76,142.99,False
117,Vernon,Davis,DEN,TE,143.63,2015,TE2,122.74,143.63,False
118,Dorial,GreenBeckham,TEN,WR,144.79,2015,WR2,131.65,144.79,False
119,Tyler,Lockett,SEA,WR,145.04,2015,WR1,145.04,156.62,False
120,Eddie,Royal,CHI,WR,146.51,2015,WR2,29.5,146.51,False
121,Reggie,Bush,SFO,RB,146.66,2015,RB2,43.27,146.66,False
122,Brian,Quick,STL,WR,148.43,2015,WR1,148.43,177.53,False
123,Ronnie,Hillman,DEN,RB,151.04,2015,RB2,17.57,151.04,False
124,James,Jones,GBP,WR,151.35,2015,WR3,21.72,66.63,False
125,Jesse,James,PIT,TE,153.25,2015,TE1,153.25,168.74,False
126,Steve,Johnson,SDC,WR,153.39,2015,WR2,50.91,153.39,False
127,Austin,SeferianJenkins,TBB,TE,153.95,2015,TE1,153.95,,False
128,Percy,Harvin,BUF,WR,154.46,2015,WR2,57.31,154.46,False
129,Phillip,Dorsett,IND,WR,154.54,2015,WR3,24.76,51.9,False
130,Coby,Fleener,IND,TE,154.66,2015,TE2,120.14,154.66,False
131,Michael,Crabtree,OAK,WR,154.88,2015,WR2,45.54,154.88,False
132,Andre,Williams,NYG,RB,155.45,2015,RB3,90.98,113.86,False
133,Doug,Baldwin,SEA,WR,156.62,2015,WR2,145.04,156.62,False
134,Matt,Jones,WAS,RB,156.72,2015,RB2,43.28,156.72,False
135,Ty,Montgomery,GBP,WR,157.5,2015,WR4,21.72,66.63,False
136,Chris,Johnson,ARI,RB,157.79,2015,RB3,61.76,142.99,False
137,Charles,Sims,TBB,RB,158.11,2015,RB2,65.77,158.11,False
138,Kenny,Stills,MIA,WR,158.48,2015,WR3,65.82,123.74,False
139,Montee,Ball,FA*,RB,159.07,2015,RB2,50.91,159.07,False
140,Charles,Clay,BUF,TE,159.58,2015,TE1,159.58,,False
141,Donte,Moncrief,IND,WR,159.77,2015,WR4,24.76,51.9,False
142,Eric,Ebron,DET,TE,160.79,2015,TE1,160.79,,False
143,Richard,Rodgers,GBP,TE,161.23,2015,TE1,161.23,,False
144,Jonas,Gray,JAC,RB,161.9,2015,RB2,63.38,161.9,False
145,Allen,Hurns,JAC,WR,163.03,2015,WR2,80.3,163.03,False
146,Marvin,Jones,CIN,WR,166.25,2015,WR2,20.41,166.25,False
147,Reggie,Wayne,FA*,WR,166.9,2015,WR1,166.9,,False
148,Fred,Jackson,SEA,RB,167.44,2015,RB2,10.9,167.44,False
149,Larry,Donnell,NYG,TE,168.12,2015,TE1,168.12,,False
150,Heath,Miller,PIT,TE,168.74,2015,TE2,153.25,168.74,False
151,Cody,Latimer,DEN,WR,168.94,2015,WR3,13.46,37.27,False
152,Maxx,Williams,BAL,TE,169.69,2015,TE1,169.69,,False
153,Jeremy,Langford,CHI,RB,169.79,2015,RB2,19.12,169.79,False
154,James,Starks,GBP,RB,170.67,2015,RB2,6.92,170.67,False
155,Jaelen,Strong,HOU,WR,170.88,2015,WR2,35.4,170.88,False
156,Ben,Watson,NOS,TE,172.62,2015,TE2,138.51,172.62,False
157,Jordan,Reed,WAS,TE,172.72,2015,TE1,172.72,,False
158,Brandon,Coleman,NOS,WR,174.69,2015,WR3,33.28,125.8,False
159,Jay,Ajayi,MIA,RB,174.8,2015,RB2,32.82,174.8,False
160,Denard,Robinson,JAC,RB,174.92,2015,RB3,63.38,161.9,False
161,Cordarrelle,Patterson,MIN,WR,175.5,2015,WR3,85.29,95.01,True
162,Rueben,Randle,NYG,WR,175.67,2015,WR3,8.39,94.58,False
163,Roy,Helu,OAK,RB,176.4,2015,RB2,44.47,176.4,False
164,Ladarius,Green,SDC,TE,176.62,2015,TE2,121.01,176.62,False
165,Tavon,Austin,STL,WR,177.53,2015,WR2,148.43,177.53,False
166,Javorius,Allen,BAL,RB,178.93,2015,RB2,31.56,178.93,False
167,Travis,Benjamin,CLE,WR,179.55,2015,WR1,179.55,192.08,False
168,Malcom,Floyd,SDC,WR,181.03,2015,WR3,50.91,153.39,False
169,Danny,Amendola,NEP,WR,181.27,2015,WR3,54.37,128.27,False
170,Jerick,McKinnon,MIN,RB,181.75,2015,RB2,5.53,181.75,False
171,Cameron,ArtisPayne,CAR,RB,184.23,2015,RB2,59.31,184.23,False
172,Terrance,West,BAL,RB,184.24,2015,RB3,31.56,178.93,False
173,Kenny,Britt,STL,WR,186.58,2015,WR3,148.43,177.53,False
174,Kamar,Aiken,BAL,WR,191.77,2015,WR3,103.24,135.71,False
175,Dwayne,Bowe,CLE,WR,192.08,2015,WR2,179.55,192.08,False
176,Christine,Michael,SEA,RB,193.29,2015,RB3,10.9,167.44,False
177,Dan,Herron,IND,RB,194.0,2015,RB2,38.89,194.0,False
178,Jared,Cook,STL,TE,195.3,2015,TE1,195.3,,False
179,Scott,Chandler,NEP,TE,196.33,2015,TE2,15.89,196.33,False
180,Mohamed,Sanu,CIN,WR,196.44,2015,WR3,20.41,166.25,False
181,Cecil,Shorts,HOU,WR,199.96,2015,WR3,35.4,170.88,False
182,Cole,Beasley,DAL,WR,200.0,2015,WR3,12.74,131.11,False
183,James,White,NEP,RB,200.06,2015,RB2,73.99,200.06,False
184,Clive,Walford,OAK,TE,200.23,2015,TE1,200.23,323.5,False
185,Zach,Zenner,DET,RB,200.62,2015,RB3,56.13,90.28,True
186,Virgil,Green,DEN,TE,201.0,2015,TE3,122.74,143.63,False
187,Stefon,Diggs,MIN,WR,201.89,2015,WR4,85.29,95.01,True
188,Khiry,Robinson,NOS,RB,203.74,2015,RB3,35.65,76.52,False
189,Jeff,Janis,GBP,WR,206.66,2015,WR5,21.72,66.63,False
191,Sammie,Coates,PIT,WR,210.5,2015,WR4,6.75,67.79,False
190,Lorenzo,Taliaferro,BAL,RB,210.5,2015,RB4,31.56,178.93,False
192,Dion,Lewis,NEP,RB,211.44,2015,RB3,73.99,200.06,False
194,Branden,Oliver,SDC,RB,214.0,2015,RB3,36.72,140.25,False
195,Ray,Rice,FA*,RB,217.84,2015,RB3,50.91,159.07,False
196,Chris,Polk,HOU,RB,220.1,2015,RB3,69.74,101.97,True
197,Stedman,Bailey,STL,WR,221.13,2015,WR4,148.43,177.53,False
198,Mike,Davis,SFO,RB,221.22,2015,RB3,43.27,146.66,False
199,Lance,Dunbar,DAL,RB,224.94,2015,RB2,108.6,224.94,False
200,Stevan,Ridley,NYJ,RB,227.75,2015,RB2,76.4,227.75,False
201,Justin,Hardy,ATL,WR,230.94,2015,WR3,14.01,98.92,False
202,Matt,Asiata,MIN,RB,231.13,2015,RB3,5.53,181.75,False
203,Jermaine,Kearse,SEA,WR,241.2,2015,WR3,145.04,156.62,False
204,Chris,Conley,KCC,WR,247.38,2015,WR2,60.32,247.38,False
205,Leonard,Hankerson,BUF,WR,247.92,2015,WR3,57.31,154.46,False
206,Jace,Amaro,NYJ,TE,250.85,2015,TE1,250.85,,False
207,Devin,Smith,NYJ,WR,254.0,2015,WR3,60.65,112.65,False
208,Robert,Turbin,DAL,RB,255.0,2015,RB3,108.6,224.94,False
209,Karlos,Williams,BUF,RB,255.41,2015,RB2,22.8,255.41,False
210,Justin,Hunter,TEN,WR,256.44,2015,WR3,131.65,144.79,False
211,Jarryd,Hayne,SFO,RB,265.0,2015,RB4,43.27,146.66,False
212,Damien,Williams,MIA,RB,273.0,2015,RB3,32.82,174.8,False
213,Marqise,Lee,JAC,WR,281.23,2015,WR3,80.3,163.03,False
214,Marquess,Wilson,CHI,WR,283.9,2015,WR3,29.5,146.51,False
215,KaDeem,Carey,CHI,RB,284.25,2015,RB3,19.12,169.79,False
216,Robert,Woods,BUF,WR,312.6,2015,WR4,57.31,154.46,False
217,Theo,Riddick,DET,RB,317.22,2015,RB4,56.13,90.28,True
218,Mychal,Rivera,OAK,TE,323.5,2015,TE2,200.23,323.5,False
219,Josh,Huff,PHI,WR,335.5,2015,WR3,40.36,76.35,True
220,Brent,Celek,PHI,TE,348.78,2015,TE2,107.95,348.78,False
1,Antonio,Brown,PIT,WR,1.81,2016,WR1,1.81,129.11,False
2,Odell,Beckham,NYG,WR,4.01,2016,WR1,4.01,102.76,False
3,Todd,Gurley,RAM,RB,4.16,2016,RB1,4.16,188.36,False
4,Julio,Jones,ATL,WR,5.83,2016,WR1,5.83,154.18,False
5,Adrian,Peterson,MIN,RB,6.42,2016,RB1,6.42,158.09,False
6,David,Johnson,ARI,RB,6.46,2016,RB1,6.46,165.76,False
7,Ezekiel,Elliott,DAL,RB,7.27,2016,RB1,7.27,144.8,False
8,DeAndre,Hopkins,HOU,WR,10.89,2016,WR1,10.89,154.56,False
9,AJ,Green,CIN,WR,11.54,2016,WR1,11.54,154.05,False
10,LeVeon,Bell,PIT,RB,12.77,2016,RB1,12.77,82.15,False
11,Lamar,Miller,HOU,RB,13.18,2016,RB1,13.18,189.43,False
12,Devonta,Freeman,ATL,RB,16.41,2016,RB1,16.41,133.9,False
13,Dez,Bryant,DAL,WR,16.92,2016,WR1,16.92,177.71,False
14,Allen,Robinson,JAC,WR,16.94,2016,WR1,16.94,79.86,False
15,Jamaal,Charles,KCC,RB,17.85,2016,RB1,17.85,142.68,False
16,Eddie,Lacy,GBP,RB,20.58,2016,RB1,20.58,127.78,False
17,Jordy,Nelson,GBP,WR,22.36,2016,WR1,22.36,42.09,False
18,Brandon,Marshall,NYJ,WR,23.26,2016,WR1,23.26,62.66,False
19,Mike,Evans,TBB,WR,25.08,2016,WR1,25.08,131.6,False
20,Mark,Ingram,NOS,RB,25.44,2016,RB1,25.44,188.48,False
21,Amari,Cooper,OAK,WR,25.65,2016,WR1,25.65,98.49,False
22,LeSean,McCoy,BUF,RB,26.32,2016,RB1,26.32,209.86,False
23,Keenan,Allen,SDC,WR,29.01,2016,WR1,29.01,133.14,False
24,Alshon,Jeffery,CHI,WR,30.92,2016,WR1,30.92,106.03,False
25,Brandin,Cooks,NOS,WR,32.62,2016,WR1,32.62,119.13,False
26,TY,Hilton,IND,WR,32.99,2016,WR1,32.99,58.7,False
27,CJ,Anderson,DEN,RB,34.31,2016,RB1,34.31,103.73,False
28,Thomas,Rawls,SEA,RB,35.96,2016,RB1,35.96,164.18,False
29,Sammy,Watkins,BUF,WR,36.05,2016,WR1,36.05,206.54,False
30,Demaryius,Thomas,DEN,WR,39.31,2016,WR1,39.31,81.54,True
31,Latavius,Murray,OAK,RB,40.32,2016,RB1,40.32,146.16,False
32,Randall,Cobb,GBP,WR,42.09,2016,WR2,22.36,42.09,False
33,Jordan,Reed,WAS,TE,42.15,2016,TE1,42.15,,False
34,Matt,Forte,NYJ,RB,42.55,2016,RB1,42.55,142.48,False
35,Carlos,Hyde,SFO,RB,43.08,2016,RB1,43.08,200.49,False
36,DeMarco,Murray,TEN,RB,43.72,2016,RB1,43.72,92.16,True
37,Kelvin,Benjamin,CAR,WR,45.99,2016,WR1,45.99,125.37,False
38,Jarvis,Landry,MIA,WR,46.86,2016,WR1,46.86,90.88,True
39,Jeremy,Hill,CIN,RB,48.06,2016,RB1,48.06,78.69,True
40,Greg,Olsen,CAR,TE,48.29,2016,TE1,48.29,,False
41,Doug,Baldwin,SEA,WR,52.21,2016,WR1,52.21,83.7,True
42,Julian,Edelman,NEP,WR,52.45,2016,WR1,52.45,62.45,True
43,Jeremy,Langford,CHI,RB,54.83,2016,RB1,54.83,172.03,False
44,Jeremy,Maclin,KCC,WR,55.14,2016,WR1,55.14,,False
45,Jonathan,Stewart,CAR,RB,56.59,2016,RB1,56.59,188.46,False
46,Donte,Moncrief,IND,WR,58.7,2016,WR2,32.99,58.7,False
47,Golden,Tate,DET,WR,59.32,2016,WR1,59.32,89.98,True
48,Michael,Floyd,NEP,WR,62.45,2016,WR2,52.45,62.45,True
49,Eric,Decker,NYJ,WR,62.66,2016,WR2,23.26,62.66,False
50,Travis,Kelce,KCC,TE,63.62,2016,TE1,63.62,,False
51,Ryan,Mathews,PHI,RB,64.72,2016,RB1,64.72,143.6,False
52,Melvin,Gordon,SDC,RB,64.93,2016,RB1,64.93,91.12,True
53,Larry,Fitzgerald,ARI,WR,69.1,2016,WR1,69.1,87.34,True
54,Matt,Jones,WAS,RB,71.48,2016,RB1,71.48,196.48,False
56,Delanie,Walker,TEN,TE,74.53,2016,TE1,74.53,,False
57,Coby,Fleener,NOS,TE,78.6,2016,TE1,78.6,,False
58,Giovani,Bernard,CIN,RB,78.69,2016,RB2,48.06,78.69,True
59,Duke,Johnson,CLE,RB,79.09,2016,RB1,79.09,115.87,False
60,Jordan,Matthews,PHI,WR,79.13,2016,WR1,79.13,160.26,False
61,Allen,Hurns,JAC,WR,79.86,2016,WR2,16.94,79.86,False
62,Frank,Gore,IND,RB,80.93,2016,RB1,80.93,197.86,False
63,Emmanuel,Sanders,DEN,WR,81.54,2016,WR2,39.31,81.54,True
64,DeAngelo,Williams,PIT,RB,82.15,2016,RB2,12.77,82.15,False
65,Tyler,Lockett,SEA,WR,83.7,2016,WR2,52.21,83.7,True
66,Ameer,Abdullah,DET,RB,86.66,2016,RB1,86.66,137.33,False
67,John,Brown,ARI,WR,87.34,2016,WR2,69.1,87.34,True
68,DeSean,Jackson,WAS,WR,89.34,2016,WR1,89.34,170.35,False
69,Marvin,Jones,DET,WR,89.98,2016,WR2,59.32,89.98,True
70,DeVante,Parker,MIA,WR,90.88,2016,WR2,46.86,90.88,True
71,Danny,Woodhead,SDC,RB,91.12,2016,RB2,64.93,91.12,True
72,Tyler,Eifert,CIN,TE,91.35,2016,TE1,91.35,,False
73,Rashad,Jennings,NYG,RB,91.4,2016,RB1,91.4,174.11,False
74,Derrick,Henry,TEN,RB,92.16,2016,RB2,43.72,92.16,True
75,Gary,Barnidge,CLE,TE,94.33,2016,TE1,94.33,,False
76,Chris,Ivory,JAC,RB,97.01,2016,RB1,97.01,97.06,True
77,TJ,Yeldon,JAC,RB,97.06,2016,RB2,97.01,97.06,True
78,Michael,Crabtree,OAK,WR,98.49,2016,WR2,25.65,98.49,False
79,Julius,Thomas,JAC,TE,98.67,2016,TE1,98.67,,False
80,Sterling,Shepard,NYG,WR,102.76,2016,WR2,4.01,102.76,False
81,Justin,Forsett,DEN,RB,103.73,2016,RB2,34.31,103.73,False
82,Zach,Ertz,PHI,TE,103.88,2016,TE1,103.88,,False
83,Dion,Lewis,NEP,RB,104.48,2016,RB1,104.48,106.06,True
84,Kevin,White,CHI,WR,106.03,2016,WR2,30.92,106.03,False
85,LeGarrette,Blount,NEP,RB,106.06,2016,RB2,104.48,106.06,True
86,Jay,Ajayi,MIA,RB,109.63,2016,RB1,109.63,,False
87,Antonio,Gates,SDC,TE,110.16,2016,TE1,110.16,178.0,False
88,Stefon,Diggs,MIN,WR,111.1,2016,WR1,111.1,136.76,False
89,Jimmy,Graham,SEA,TE,111.17,2016,TE1,111.17,,False
90,Tavon,Austin,RAM,WR,115.8,2016,WR1,115.8,202.86,False
91,Isaiah,Crowell,CLE,RB,115.87,2016,RB2,79.09,115.87,False
92,Willie,Snead,NOS,WR,119.13,2016,WR2,32.62,119.13,False
93,Charles,Sims,TBB,RB,122.73,2016,RB1,122.73,,False
94,Corey,Coleman,CLE,WR,122.78,2016,WR1,122.78,174.23,False
95,Martellus,Bennett,NEP,TE,123.2,2016,TE1,123.2,,False
96,Devin,Funchess,CAR,WR,125.37,2016,WR2,45.99,125.37,False
97,Dwayne,Allen,IND,TE,126.17,2016,TE1,126.17,,False
98,Christine,Michael,GBP,RB,127.78,2016,RB2,20.58,127.78,False
99,Markus,Wheaton,PIT,WR,129.11,2016,WR2,1.81,129.11,False
100,Jason,Witten,DAL,TE,131.07,2016,TE1,131.07,,False
101,Vincent,Jackson,TBB,WR,131.6,2016,WR2,25.08,131.6,False
102,Michael,Thomas,NOS,WR,132.55,2016,WR3,32.62,119.13,False
103,Torrey,Smith,SFO,WR,132.92,2016,WR1,132.92,189.07,False
104,Travis,Benjamin,SDC,WR,133.14,2016,WR2,29.01,133.14,False
105,Tevin,Coleman,ATL,RB,133.9,2016,RB2,16.41,133.9,False
106,Laquon,Treadwell,MIN,WR,136.76,2016,WR2,111.1,136.76,False
107,Theo,Riddick,DET,RB,137.33,2016,RB2,86.66,137.33,False
108,Jared,Cook,GBP,TE,137.93,2016,TE1,137.93,175.35,False
109,Devontae,Booker,DEN,RB,141.8,2016,RB3,34.31,103.73,False
110,Bilal,Powell,NYJ,RB,142.48,2016,RB2,42.55,142.48,False
111,Spencer,Ware,KCC,RB,142.68,2016,RB2,17.85,142.68,False
112,Darren,Sproles,PHI,RB,143.6,2016,RB2,64.72,143.6,False
113,James,White,NEP,RB,144.61,2016,RB3,104.48,106.06,True
114,Alfred,Morris,DAL,RB,144.8,2016,RB2,7.27,144.8,False
115,Kamar,Aiken,BAL,WR,145.4,2016,WR1,145.4,163.66,False
117,DeAndre,Washington,OAK,RB,146.16,2016,RB2,40.32,146.16,False
118,Ladarius,Green,PIT,TE,147.73,2016,TE1,147.73,196.42,False
119,Zach,Miller,CHI,TE,149.54,2016,TE1,149.54,,False
120,Eric,Ebron,DET,TE,149.79,2016,TE1,149.79,,False
121,James,Starks,GBP,RB,151.57,2016,RB3,20.58,127.78,False
122,Tyler,Boyd,CIN,WR,154.05,2016,WR2,11.54,154.05,False
123,Mohamed,Sanu,ATL,WR,154.18,2016,WR2,5.83,154.18,False
124,Tajae,Sharpe,TEN,WR,154.25,2016,WR1,154.25,158.15,False
125,Will,Fuller,HOU,WR,154.56,2016,WR2,10.89,154.56,False
126,Jerick,McKinnon,MIN,RB,158.09,2016,RB2,6.42,158.09,False
127,Rishard,Matthews,TEN,WR,158.15,2016,WR2,154.25,158.15,False
128,Sammie,Coates,PIT,WR,158.84,2016,WR3,1.81,129.11,False
129,Phillip,Dorsett,IND,WR,160.16,2016,WR3,32.99,58.7,False
130,Dorial,GreenBeckham,PHI,WR,160.26,2016,WR2,79.13,160.26,False
131,Ted,Ginn Jr,CAR,WR,160.77,2016,WR3,45.99,125.37,False
132,Victor,Cruz,NYG,WR,161.39,2016,WR3,4.01,102.76,False
133,Mike,Wallace,BAL,WR,163.66,2016,WR2,145.4,163.66,False
134,Kenneth,Dixon,BAL,RB,163.7,2016,RB1,163.7,175.08,False
135,CJ,Prosise,SEA,RB,164.18,2016,RB2,35.96,164.18,False
136,Kyle,Rudolph,MIN,TE,165.61,2016,TE1,165.61,,False
137,Chris,Johnson,ARI,RB,165.76,2016,RB2,6.46,165.76,False
138,Charles,Clay,BUF,TE,166.89,2016,TE1,166.89,,False
139,Chris,Hogan,NEP,WR,168.49,2016,WR3,52.45,62.45,True
140,Ronnie,Hillman,SDC,RB,170.15,2016,RB3,64.93,91.12,True
141,Pierre,Garcon,WAS,WR,170.35,2016,WR2,89.34,170.35,False
142,Charcandrick,West,KCC,RB,170.43,2016,RB3,17.85,142.68,False
143,Darren,McFadden,DAL,RB,170.81,2016,RB3,7.27,144.8,False
144,Austin,SeferianJenkins,NYJ,TE,171.63,2016,TE1,171.63,,False
145,Jordan,Howard,CHI,RB,172.03,2016,RB2,54.83,172.03,False
146,Davante,Adams,GBP,WR,172.53,2016,WR3,22.36,42.09,False
147,Paul,Perkins,NYG,RB,174.11,2016,RB2,91.4,174.11,False
148,Terrelle,Pryor,CLE,WR,174.23,2016,WR2,122.78,174.23,False
149,Josh,Doctson,WAS,WR,174.6,2016,WR3,89.34,170.35,False
150,Terrance,West,BAL,RB,175.08,2016,RB2,163.7,175.08,False
151,Richard,Rodgers,GBP,TE,175.35,2016,TE2,137.93,175.35,False
152,Karlos,Williams,PIT,RB,176.02,2016,RB3,12.77,82.15,False
153,Javorius,Allen,BAL,RB,176.3,2016,RB3,163.7,175.08,False
154,Jordan,Cameron,MIA,TE,176.69,2016,TE1,176.69,,False
155,Shane,Vereen,NYG,RB,177.63,2016,RB3,91.4,174.11,False
156,Terrance,Williams,DAL,WR,177.71,2016,WR2,16.92,177.71,False
157,Hunter,Henry,SDC,TE,178.0,2016,TE2,110.16,178.0,False
158,Clive,Walford,OAK,TE,178.96,2016,TE1,178.96,,False
159,Anquan,Boldin,DET,WR,179.25,2016,WR3,59.32,89.98,True
160,Virgil,Green,DEN,TE,179.99,2016,TE1,179.99,,False
161,Ben,Watson,BAL,TE,180.33,2016,TE1,180.33,,False
162,Kenny,Stills,MIA,WR,183.8,2016,WR3,46.86,90.88,True
163,Breshad,Perriman,BAL,WR,184.29,2016,WR3,145.4,163.66,False
164,Will,Tye,NYG,TE,187.39,2016,TE1,187.39,,False
165,Nelson,Agholor,PHI,WR,188.03,2016,WR3,79.13,160.26,False
166,Benny,Cunningham,RAM,RB,188.36,2016,RB2,4.16,188.36,False
167,Cameron,ArtisPayne,CAR,RB,188.46,2016,RB2,56.59,188.46,False
168,Tim,Hightower,NOS,RB,188.48,2016,RB2,25.44,188.48,False
169,Bruce,Ellington,SFO,WR,189.07,2016,WR2,132.92,189.07,False
171,Alfred,Blue,HOU,RB,189.43,2016,RB2,13.18,189.43,False
172,Vance,McDonald,SFO,TE,189.83,2016,TE1,189.83,,False
173,Braxton,Miller,HOU,WR,190.36,2016,WR3,10.89,154.56,False
174,Wendell,Smallwood,PHI,RB,190.49,2016,RB3,64.72,143.6,False
175,Andre,Ellington,ARI,RB,195.81,2016,RB3,6.46,165.76,False
176,Kendall,Wright,TEN,WR,196.08,2016,WR3,154.25,158.15,False
177,Jesse,James,PIT,TE,196.42,2016,TE2,147.73,196.42,False
178,Chris,Thompson,WAS,RB,196.48,2016,RB2,71.48,196.48,False
179,Kenjon,Barner,PHI,RB,197.31,2016,RB4,64.72,143.6,False
180,Josh,Ferguson,IND,RB,197.86,2016,RB2,80.93,197.86,False
181,Rob,Kelley,WAS,RB,199.83,2016,RB3,71.48,196.48,False
182,Danny,Amendola,NEP,WR,200.14,2016,WR4,52.45,62.45,True
183,Shaun,Draughn,SFO,RB,200.49,2016,RB2,43.08,200.49,False
184,Kenny,Britt,RAM,WR,202.86,2016,WR2,115.8,202.86,False
185,Robert,Woods,BUF,WR,206.54,2016,WR2,36.05,206.54,False
186,Eli,Rogers,PIT,WR,208.88,2016,WR4,1.81,129.11,False
187,Reggie,Bush,BUF,RB,209.86,2016,RB2,26.32,209.86,False
188,Jermaine,Kearse,SEA,WR,215.11,2016,WR3,52.21,83.7,True
1,LeVeon,Bell,PIT,RB,2.53,2017,RB1,2.53,,False
2,Antonio,Brown,PIT,WR,4.19,2017,WR1,4.19,63.0,False
3,Julio,Jones,ATL,WR,6.31,2017,WR1,6.31,152.52,False
4,LeSean,McCoy,BUF,RB,8.55,2017,RB1,8.55,,False
5,Devonta,Freeman,ATL,RB,9.26,2017,RB1,9.26,77.07,False
6,Mike,Evans,TBB,WR,10.66,2017,WR1,10.66,92.13,False
7,Melvin,Gordon,LAC,RB,11.62,2017,RB1,11.62,,False
8,AJ,Green,CIN,WR,13.59,2017,WR1,13.59,193.04,False
9,Jordy,Nelson,GBP,WR,14.07,2017,WR1,14.07,45.18,False
10,Jay,Ajayi,PHI,RB,16.72,2017,RB1,16.72,82.31,False
11,Jordan,Howard,CHI,RB,17.93,2017,RB1,17.93,178.85,False
12,DeMarco,Murray,TEN,RB,18.56,2017,RB1,18.56,88.25,False
13,Ezekiel,Elliott,DAL,RB,19.0,2017,RB1,19.0,176.41,False
14,Michael,Thomas,NOS,WR,20.14,2017,WR1,20.14,89.19,False
15,Rob,Gronkowski,NEP,TE,20.63,2017,TE1,20.63,179.16,False
16,Todd,Gurley,LAR,RB,21.08,2017,RB1,21.08,,False
17,Dez,Bryant,DAL,WR,22.11,2017,WR1,22.11,154.99,False
18,Amari,Cooper,OAK,WR,22.5,2017,WR1,22.5,53.01,False
19,Leonard,Fournette,JAC,RB,24.71,2017,RB1,24.71,188.74,False
20,Brandin,Cooks,NEP,WR,25.61,2017,WR1,25.61,109.16,False
21,TY,Hilton,IND,WR,29.21,2017,WR1,29.21,105.93,False
22,Christian,McCaffrey,CAR,RB,29.3,2017,RB1,29.3,118.81,False
23,Doug,Baldwin,SEA,WR,30.91,2017,WR1,30.91,161.1,False
24,Lamar,Miller,HOU,RB,31.33,2017,RB1,31.33,,False
25,Marshawn,Lynch,OAK,RB,32.07,2017,RB1,32.07,168.42,False
26,DeAndre,Hopkins,HOU,WR,35.57,2017,WR1,35.57,168.05,False
27,Isaiah,Crowell,CLE,RB,38.09,2017,RB1,38.09,127.45,False
28,Travis,Kelce,KCC,TE,39.65,2017,TE1,39.65,,False
29,Demaryius,Thomas,DEN,WR,41.0,2017,WR1,41.0,84.08,True
30,Joe,Mixon,CIN,RB,45.05,2017,RB1,45.05,159.19,False
31,Davante,Adams,GBP,WR,45.18,2017,WR2,14.07,45.18,False
32,Alshon,Jeffery,PHI,WR,45.33,2017,WR1,45.33,176.96,False
33,Keenan,Allen,LAC,WR,45.36,2017,WR1,45.36,116.12,False
34,Carlos,Hyde,SFO,RB,45.94,2017,RB1,45.94,,False
35,Tyreek,Hill,KCC,WR,49.34,2017,WR1,49.34,,False
36,Michael,Crabtree,OAK,WR,53.01,2017,WR2,22.5,53.01,False
37,Greg,Olsen,CAR,TE,54.5,2017,TE1,54.5,,False
38,Kelvin,Benjamin,BUF,WR,55.13,2017,WR1,55.13,146.76,False
39,CJ,Anderson,DEN,RB,55.82,2017,RB1,55.82,141.61,False
40,Mark,Ingram,NOS,RB,57.89,2017,RB1,57.89,149.41,False
41,Kareem,Hunt,KCC,RB,58.87,2017,RB1,58.87,173.38,False
42,Jimmy,Graham,SEA,TE,61.49,2017,TE1,61.49,,False
43,Golden,Tate,DET,WR,61.57,2017,WR1,61.57,126.65,False
44,Martavis,Bryant,PIT,WR,63.0,2017,WR2,4.19,63.0,False
45,Ameer,Abdullah,DET,RB,63.01,2017,RB1,63.01,122.44,False
46,Jarvis,Landry,MIA,WR,64.83,2017,WR1,64.83,82.76,True
47,Larry,Fitzgerald,ARI,WR,67.09,2017,WR1,67.09,130.29,False
48,Sammy,Watkins,LAR,WR,67.94,2017,WR1,67.94,155.26,False
49,Doug,Martin,TBB,RB,71.13,2017,RB1,71.13,137.06,False
50,Stefon,Diggs,MIN,WR,74.52,2017,WR1,74.52,128.11,False
51,Mike,Gillislee,NEP,RB,74.99,2017,RB1,74.99,136.88,False
52,Bilal,Powell,NYJ,RB,75.46,2017,RB1,75.46,,False
53,Tevin,Coleman,ATL,RB,77.07,2017,RB2,9.26,77.07,False
54,Jamison,Crowder,WAS,WR,81.17,2017,WR1,81.17,159.97,False
55,LeGarrette,Blount,PHI,RB,82.31,2017,RB2,16.72,82.31,False
56,DeVante,Parker,MIA,WR,82.76,2017,WR2,64.83,82.76,True
57,Emmanuel,Sanders,DEN,WR,84.08,2017,WR2,41.0,84.08,True
58,Delanie,Walker,TEN,TE,84.48,2017,TE1,84.48,,False
59,Eddie,Lacy,SEA,RB,88.01,2017,RB1,88.01,115.03,False
60,Derrick,Henry,TEN,RB,88.25,2017,RB2,18.56,88.25,False
61,Willie,Snead,NOS,WR,89.19,2017,WR2,20.14,89.19,False
62,Kyle,Rudolph,MIN,TE,90.32,2017,TE1,90.32,,False
64,Paul,Perkins,NYG,RB,91.81,2017,RB1,91.81,182.62,False
63,Frank,Gore,IND,RB,91.81,2017,RB1,91.81,154.85,False
65,DeSean,Jackson,TBB,WR,92.13,2017,WR2,10.66,92.13,False
67,Danny,Woodhead,BAL,RB,94.58,2017,RB1,94.58,103.21,True
68,Zach,Ertz,PHI,TE,94.68,2017,TE1,94.68,,False
69,Randall,Cobb,GBP,WR,97.23,2017,WR3,14.07,45.18,False
70,Terrance,West,BAL,RB,103.21,2017,RB2,94.58,103.21,True
71,Donte,Moncrief,IND,WR,105.93,2017,WR2,29.21,105.93,False
72,Chris,Hogan,NEP,WR,109.16,2017,WR2,25.61,109.16,False
73,Eric,Decker,TEN,WR,110.3,2017,WR1,110.3,116.97,False
74,Jeremy,Maclin,BAL,WR,113.78,2017,WR1,113.78,138.52,False
75,Thomas,Rawls,SEA,RB,115.03,2017,RB2,88.01,115.03,False
76,Tyrell,Williams,LAC,WR,116.12,2017,WR2,45.36,116.12,False
77,Corey,Davis,TEN,WR,116.97,2017,WR2,110.3,116.97,False
78,Jonathan,Stewart,CAR,RB,118.81,2017,RB2,29.3,118.81,False
79,Theo,Riddick,DET,RB,122.44,2017,RB2,63.01,122.44,False
80,Corey,Coleman,CLE,WR,124.58,2017,WR1,124.58,,False
81,Eric,Ebron,DET,TE,126.07,2017,TE1,126.07,,False
82,Marvin,Jones,DET,WR,126.65,2017,WR2,61.57,126.65,False
83,Samaje,Perine,WAS,RB,127.23,2017,RB1,127.23,,False
84,Rishard,Matthews,TEN,WR,127.26,2017,WR3,110.3,116.97,False
85,Duke,Johnson,CLE,RB,127.45,2017,RB2,38.09,127.45,False
86,Jason,Witten,DAL,TE,127.7,2017,TE1,127.7,,False
87,Adam,Thielen,MIN,WR,128.11,2017,WR2,74.52,128.11,False
88,Jack,Doyle,IND,TE,128.2,2017,TE1,128.2,,False
89,John,Brown,ARI,WR,130.29,2017,WR2,67.09,130.29,False
90,Jamaal,Williams,GBP,RB,135.95,2017,RB1,135.95,,False
91,James,White,NEP,RB,136.88,2017,RB2,74.99,136.88,False
92,Jacquizz,Rodgers,TBB,RB,137.06,2017,RB2,71.13,137.06,False
93,Mike,Wallace,BAL,WR,138.52,2017,WR2,113.78,138.52,False
94,Austin,Hooper,ATL,TE,139.41,2017,TE1,139.41,,False
95,Kenny,Britt,NEP,WR,140.3,2017,WR3,25.61,109.16,False
96,Latavius,Murray,MIN,RB,140.9,2017,RB1,140.9,,False
97,Jamaal,Charles,DEN,RB,141.61,2017,RB2,55.82,141.61,False
98,Ted,Ginn Jr,NOS,WR,143.86,2017,WR3,20.14,89.19,False
99,Sterling,Shepard,NYG,WR,144.62,2017,WR1,144.62,,False
100,Zay,Jones,BUF,WR,146.76,2017,WR2,55.13,146.76,False
101,Cameron,Brate,TBB,TE,147.49,2017,TE1,147.49,,False
102,Evan,Engram,NYG,TE,147.71,2017,TE1,147.71,,False
103,Rex,Burkhead,NEP,RB,149.02,2017,RB3,74.99,136.88,False
104,Alvin,Kamara,NOS,RB,149.41,2017,RB2,57.89,149.41,False
105,Mohamed,Sanu,ATL,WR,152.52,2017,WR2,6.31,152.52,False
106,Marlon,Mack,IND,RB,154.85,2017,RB2,91.81,154.85,False
107,Cole,Beasley,DAL,WR,154.99,2017,WR2,22.11,154.99,False
108,Cooper,Kupp,LAR,WR,155.26,2017,WR2,67.94,155.26,False
109,Danny,Amendola,NEP,WR,156.09,2017,WR4,25.61,109.16,False
110,Taylor,Gabriel,ATL,WR,156.63,2017,WR3,6.31,152.52,False
111,Antonio,Gates,LAC,TE,158.48,2017,TE1,158.48,,False
112,Kenny,Golladay,DET,WR,158.8,2017,WR3,61.57,126.65,False
113,Giovani,Bernard,CIN,RB,159.19,2017,RB2,45.05,159.19,False
114,Robby,Anderson,NYJ,WR,159.68,2017,WR1,159.68,,False
115,Josh,Doctson,WAS,WR,159.97,2017,WR2,81.17,159.97,False
116,Tyler,Lockett,SEA,WR,161.1,2017,WR2,30.91,161.1,False
117,Wendell,Smallwood,PHI,RB,162.19,2017,RB3,16.72,82.31,False
118,Jared,Cook,OAK,TE,162.33,2017,TE1,162.33,,False
119,Jonathan,Williams,NOS,RB,165.36,2017,RB3,57.89,149.41,False
120,Dion,Lewis,NEP,RB,166.4,2017,RB4,74.99,136.88,False
121,JuJu,SmithSchuster,PIT,WR,167.66,2017,WR3,4.19,63.0,False
122,Will,Fuller,HOU,WR,168.05,2017,WR2,35.57,168.05,False
123,DeAndre,Washington,OAK,RB,168.42,2017,RB2,32.07,168.42,False
124,Mike,Williams,LAC,WR,168.72,2017,WR3,45.36,116.12,False
125,David,Njoku,CLE,TE,170.08,2017,TE1,170.08,,False
126,Kenny,Stills,MIA,WR,170.86,2017,WR3,64.83,82.76,True
127,Charcandrick,West,KCC,RB,173.38,2017,RB2,58.87,173.38,False
128,Devin,Funchess,CAR,WR,175.63,2017,WR1,175.63,,False
129,Alfred,Morris,DAL,RB,176.41,2017,RB2,19.0,176.41,False
130,Torrey,Smith,PHI,WR,176.96,2017,WR2,45.33,176.96,False
131,Jesse,James,PIT,TE,177.37,2017,TE1,177.37,,False
132,Marqise,Lee,JAC,WR,177.73,2017,WR1,177.73,189.94,False
133,Nelson,Agholor,PHI,WR,177.91,2017,WR3,45.33,176.96,False
134,JJ,Nelson,ARI,WR,178.05,2017,WR3,67.09,130.29,False
135,Tarik,Cohen,CHI,RB,178.85,2017,RB2,17.93,178.85,False
136,Charles,Clay,BUF,TE,178.98,2017,TE1,178.98,,False
137,Dwayne,Allen,NEP,TE,179.16,2017,TE2,20.63,179.16,False
138,DeAngelo,Henderson,DEN,RB,179.19,2017,RB3,55.82,141.61,False
139,Devontae,Booker,DEN,RB,182.24,2017,RB4,55.82,141.61,False
140,Shane,Vereen,NYG,RB,182.62,2017,RB2,91.81,182.62,False
141,TJ,Yeldon,JAC,RB,188.74,2017,RB2,24.71,188.74,False
142,Allen,Hurns,JAC,WR,189.94,2017,WR2,177.73,189.94,False
143,Charles,Sims,TBB,RB,190.88,2017,RB3,71.13,137.06,False
144,Jalen,Richard,OAK,RB,192.05,2017,RB3,32.07,168.42,False
145,Paul,Richardson,SEA,WR,192.44,2017,WR3,30.91,161.1,False
146,Brandon,LaFell,CIN,WR,193.04,2017,WR2,13.59,193.04,False
147,Breshad,Perriman,BAL,WR,193.74,2017,WR3,113.78,138.52,False
148,Kendall,Wright,CHI,WR,195.13,2017,WR1,195.13,,False
149,Terrance,Williams,DAL,WR,195.31,2017,WR3,22.11,154.99,False
150,Chris,Ivory,JAC,RB,197.0,2017,RB3,24.71,188.74,False
151,Robert,Woods,LAR,WR,201.15,2017,WR3,67.94,155.26,False
152,Tavon,Austin,LAR,WR,205.46,2017,WR4,67.94,155.26,False
153,Travis,Benjamin,LAC,WR,205.8,2017,WR4,45.36,116.12,False
154,Austin,SeferianJenkins,NYJ,TE,207.27,2017,TE1,207.27,,False
1,Todd,Gurley,LAR,RB,1.69,2018,RB1,1.69,130.96,False
2,LeVeon,Bell,PIT,RB,2.93,2018,RB1,2.93,155.35,False
3,Ezekiel,Elliott,DAL,RB,4.55,2018,RB1,4.55,191.28,False
4,David,Johnson,ARI,RB,4.58,2018,RB1,4.58,193.22,False
5,Antonio,Brown,PIT,WR,6.18,2018,WR1,6.18,43.53,False
6,Alvin,Kamara,NOS,RB,7.74,2018,RB1,7.74,65.37,False
7,Saquon,Barkley,NYG,RB,8.43,2018,RB1,8.43,,False
8,Leonard,Fournette,JAC,RB,9.93,2018,RB1,9.93,78.03,False
9,DeAndre,Hopkins,HOU,WR,11.74,2018,WR1,11.74,,False
10,Kareem,Hunt,FA*,RB,11.78,2018,RB1,11.78,,False
11,Melvin,Gordon,LAC,RB,12.33,2018,RB1,12.33,167.4,False
12,Odell,Beckham,NYG,WR,13.0,2018,WR1,13.0,123.68,False
13,Dalvin,Cook,MIN,RB,13.58,2018,RB1,13.58,126.53,False
14,Julio,Jones,ATL,WR,14.34,2018,WR1,14.34,132.19,False
15,Christian,McCaffrey,CAR,RB,18.24,2018,RB1,18.24,,False
16,Michael,Thomas,NOS,WR,19.21,2018,WR1,19.21,134.37,False
17,Davante,Adams,GBP,WR,19.28,2018,WR1,19.28,113.02,False
18,Rob,Gronkowski,NEP,TE,21.23,2018,TE1,21.23,,False
19,Keenan,Allen,LAC,WR,21.73,2018,WR1,21.73,138.01,False
20,Jordan,Howard,CHI,RB,26.25,2018,RB1,26.25,100.89,False
21,Joe,Mixon,CIN,RB,26.93,2018,RB1,26.93,132.23,False
22,Tyreek,Hill,KCC,WR,27.43,2018,WR1,27.43,80.01,False
23,Mike,Evans,TBB,WR,28.87,2018,WR1,28.87,143.25,False
24,Travis,Kelce,KCC,TE,29.86,2018,TE1,29.86,,False
25,LeSean,McCoy,BUF,RB,32.09,2018,RB1,32.09,175.15,False
26,Stefon,Diggs,MIN,WR,34.72,2018,WR1,34.72,42.68,False
27,TY,Hilton,IND,WR,34.85,2018,WR1,34.85,198.82,False
28,Amari,Cooper,DAL,WR,41.34,2018,WR1,41.34,152.9,False
29,Adam,Thielen,MIN,WR,42.68,2018,WR2,34.72,42.68,False
30,JuJu,SmithSchuster,PIT,WR,43.53,2018,WR2,6.18,43.53,False
31,Brandin,Cooks,LAR,WR,44.74,2018,WR1,44.74,94.32,True
32,Jarvis,Landry,CLE,WR,45.07,2018,WR1,45.07,205.5,False
33,Larry,Fitzgerald,ARI,WR,46.09,2018,WR1,46.09,,False
34,Zach,Ertz,PHI,TE,46.12,2018,TE1,46.12,178.86,False
35,Doug,Baldwin,SEA,WR,47.93,2018,WR1,47.93,144.73,False
36,Kenyan,Drake,MIA,RB,48.02,2018,RB1,48.02,189.19,False
37,Derrick,Henry,TEN,RB,48.59,2018,RB1,48.59,84.73,True
38,Lamar,Miller,HOU,RB,52.91,2018,RB1,52.91,165.99,False
39,Jimmy,Graham,GBP,TE,54.79,2018,TE1,54.79,,False
40,Chris,Hogan,NEP,WR,56.68,2018,WR1,56.68,81.59,True
41,Allen,Robinson,CHI,WR,57.47,2018,WR1,57.47,169.53,False
42,Royce,Freeman,DEN,RB,57.72,2018,RB1,57.72,130.18,False
43,Alshon,Jeffery,PHI,WR,61.01,2018,WR1,61.01,71.15,True
44,Mark,Ingram,NOS,RB,65.37,2018,RB2,7.74,65.37,False
45,Jamaal,Williams,GBP,RB,65.78,2018,RB1,65.78,,False
46,Sony,Michel,NEP,RB,69.97,2018,RB1,69.97,75.78,True
47,Golden,Tate,PHI,WR,71.15,2018,WR2,61.01,71.15,True
48,Evan,Engram,NYG,TE,71.29,2018,TE1,71.29,,False
49,Corey,Davis,TEN,WR,75.17,2018,WR1,75.17,194.9,False
50,Rex,Burkhead,NEP,RB,75.78,2018,RB2,69.97,75.78,True
51,Carlos,Hyde,JAC,RB,78.03,2018,RB2,9.93,78.03,False
52,Sammy,Watkins,KCC,WR,80.01,2018,WR2,27.43,80.01,False
53,Jordy,Nelson,OAK,WR,81.35,2018,WR1,81.35,,False
54,Julian,Edelman,NEP,WR,81.59,2018,WR2,56.68,81.59,True
55,Tevin,Coleman,ATL,RB,82.04,2018,RB1,82.04,,False
56,Marquise,Goodwin,SFO,WR,82.86,2018,WR1,82.86,,False
57,Kyle,Rudolph,MIN,TE,83.34,2018,TE1,83.34,,False
58,Michael,Crabtree,BAL,WR,83.96,2018,WR1,83.96,159.51,False
59,Dion,Lewis,TEN,RB,84.73,2018,RB2,48.59,84.73,True
60,Rashaad,Penny,SEA,RB,91.84,2018,RB1,91.84,95.6,True
61,Robert,Woods,LAR,WR,94.32,2018,WR2,44.74,94.32,True
62,Trey,Burton,CHI,TE,94.91,2018,TE1,94.91,,False
63,Devin,Funchess,CAR,WR,95.35,2018,WR1,95.35,142.15,False
64,Chris,Carson,SEA,RB,95.6,2018,RB2,91.84,95.6,True
65,Marlon,Mack,IND,RB,98.58,2018,RB1,98.58,158.43,False
66,Adrian,Peterson,WAS,RB,100.19,2018,RB1,100.19,116.35,False
67,Tarik,Cohen,CHI,RB,100.89,2018,RB2,26.25,100.89,False
68,Duke,Johnson,CLE,RB,102.63,2018,RB1,102.63,128.46,False
69,Robby,Anderson,NYJ,WR,104.61,2018,WR1,104.61,201.02,False
70,Peyton,Barber,TBB,RB,105.72,2018,RB1,105.72,106.44,True
71,Ronald,Jones,TBB,RB,106.44,2018,RB2,105.72,106.44,True
72,DeVante,Parker,MIA,WR,110.55,2018,WR1,110.55,117.2,False
73,Randall,Cobb,GBP,WR,113.02,2018,WR2,19.28,113.02,False
74,Nelson,Agholor,PHI,WR,115.29,2018,WR3,61.01,71.15,True
75,Chris,Thompson,WAS,RB,116.35,2018,RB2,100.19,116.35,False
76,Kenny,Stills,MIA,WR,117.2,2018,WR2,110.55,117.2,False
77,David,Njoku,CLE,TE,117.67,2018,TE1,117.67,,False
78,James,White,NEP,RB,118.7,2018,RB3,69.97,75.78,True
79,Keelan,Cole,JAC,WR,122.53,2018,WR1,122.53,166.08,False
80,Jamison,Crowder,WAS,WR,122.94,2018,WR1,122.94,136.96,False
81,Sterling,Shepard,NYG,WR,123.68,2018,WR2,13.0,123.68,False
82,Latavius,Murray,MIN,RB,126.53,2018,RB2,13.58,126.53,False
83,Kelvin,Benjamin,KCC,WR,128.41,2018,WR3,27.43,80.01,False
84,Nick,Chubb,CLE,RB,128.46,2018,RB2,102.63,128.46,False
85,Devontae,Booker,DEN,RB,130.18,2018,RB2,57.72,130.18,False
86,CJ,Anderson,LAR,RB,130.96,2018,RB2,1.69,130.96,False
87,Calvin,Ridley,ATL,WR,132.19,2018,WR2,14.34,132.19,False
88,Giovani,Bernard,CIN,RB,132.23,2018,RB2,26.93,132.23,False
89,Ted,Ginn Jr,NOS,WR,134.37,2018,WR2,19.21,134.37,False
90,Josh,Doctson,WAS,WR,136.96,2018,WR2,122.94,136.96,False
91,Mike,Williams,LAC,WR,138.01,2018,WR2,21.73,138.01,False
92,Mohamed,Sanu,ATL,WR,141.24,2018,WR3,14.34,132.19,False
93,George,Kittle,SFO,TE,141.42,2018,TE1,141.42,,False
94,DJ,Moore,CAR,WR,142.15,2018,WR2,95.35,142.15,False
95,DeSean,Jackson,TBB,WR,143.25,2018,WR2,28.87,143.25,False
96,Tyler,Lockett,SEA,WR,144.73,2018,WR2,47.93,144.73,False
97,LeGarrette,Blount,DET,RB,145.03,2018,RB1,145.03,168.29,False
98,Kenny,Golladay,DET,WR,145.27,2018,WR1,145.27,,False
99,Ty,Montgomery,BAL,RB,145.38,2018,RB1,145.38,157.28,False
100,Jared,Cook,OAK,TE,146.74,2018,TE1,146.74,,False
101,Michael,Gallup,DAL,WR,152.9,2018,WR2,41.34,152.9,False
102,Alfred,Morris,SFO,RB,153.38,2018,RB1,153.38,,False
103,Vance,McDonald,PIT,TE,154.88,2018,TE1,154.88,177.77,False
104,James,Conner,PIT,RB,155.35,2018,RB2,2.93,155.35,False
105,Tyrell,Williams,LAC,WR,155.81,2018,WR3,21.73,138.01,False
106,John,Ross,CIN,WR,156.87,2018,WR1,156.87,,False
107,Javorius,Allen,BAL,RB,157.28,2018,RB2,145.38,157.28,False
108,Eric,Ebron,IND,TE,157.62,2018,TE1,157.62,,False
109,Jordan,Wilkins,IND,RB,158.43,2018,RB2,98.58,158.43,False
110,John,Brown,BAL,WR,159.51,2018,WR2,83.96,159.51,False
111,Doug,Martin,OAK,RB,161.09,2018,RB1,161.09,,False
112,Austin,Hooper,ATL,TE,162.08,2018,TE1,162.08,,False
113,Cameron,Brate,TBB,TE,162.58,2018,TE1,162.58,,False
114,TJ,Yeldon,JAC,RB,162.99,2018,RB3,9.93,78.03,False
115,Mike,Gesicki,MIA,TE,163.73,2018,TE1,163.73,,False
116,DOnta,Foreman,HOU,RB,165.99,2018,RB2,52.91,165.99,False
117,Spencer,Ware,KCC,RB,166.05,2018,RB1,166.05,,False
118,Dede,Westbrook,JAC,WR,166.08,2018,WR2,122.53,166.08,False
119,Charles,Clay,BUF,TE,166.28,2018,TE1,166.28,,False
120,Chris,Godwin,TBB,WR,166.72,2018,WR3,28.87,143.25,False
121,Austin,Ekeler,LAC,RB,167.4,2018,RB2,12.33,167.4,False
122,Samaje,Perine,WAS,RB,167.46,2018,RB3,100.19,116.35,False
123,James,Washington,PIT,WR,167.95,2018,WR3,6.18,43.53,False
124,Theo,Riddick,DET,RB,168.29,2018,RB2,145.03,168.29,False
125,Anthony,Miller,CHI,WR,169.53,2018,WR2,57.47,169.53,False
126,Danny,Amendola,MIA,WR,171.47,2018,WR3,110.55,117.2,False
127,Ben,Watson,NOS,TE,172.68,2018,TE1,172.68,,False
128,TreQuan,Smith,NOS,WR,172.7,2018,WR3,19.21,134.37,False
129,Courtland,Sutton,DEN,WR,173.0,2018,WR1,173.0,,False
130,Donte,Moncrief,JAC,WR,174.28,2018,WR3,122.53,166.08,False
131,Cole,Beasley,DAL,WR,175.13,2018,WR3,41.34,152.9,False
132,Chris,Ivory,BUF,RB,175.15,2018,RB2,32.09,175.15,False
133,Nyheim,Hines,IND,RB,176.51,2018,RB3,98.58,158.43,False
134,Hayden,Hurst,BAL,TE,177.66,2018,TE1,177.66,,False
135,Jesse,James,PIT,TE,177.77,2018,TE2,154.88,177.77,False
136,John,Kelly,LAR,RB,178.56,2018,RB3,1.69,130.96,False
137,Dallas,Goedert,PHI,TE,178.86,2018,TE2,46.12,178.86,False
138,Ricky,SealsJones,ARI,TE,180.38,2018,TE1,180.38,,False
139,Cordarrelle,Patterson,NEP,WR,183.57,2018,WR3,56.68,81.59,True
141,Kalen,Ballage,MIA,RB,189.19,2018,RB2,48.02,189.19,False
142,Darren,Sproles,PHI,RB,189.5,2018,RB1,189.5,,False
143,Rod,Smith,DAL,RB,191.28,2018,RB2,4.55,191.28,False
144,Ameer,Abdullah,MIN,RB,192.38,2018,RB3,13.58,126.53,False
145,Chase,Edmonds,ARI,RB,193.22,2018,RB2,4.58,193.22,False
146,Vernon,Davis,WAS,TE,193.48,2018,TE1,193.48,,False
147,Taywan,Taylor,TEN,WR,194.9,2018,WR2,75.17,194.9,False
148,Mike,Wallace,PHI,WR,196.86,2018,WR4,61.01,71.15,True
149,Phillip,Dorsett,NEP,WR,197.35,2018,WR4,56.68,81.59,True
150,Ryan,Grant,IND,WR,198.82,2018,WR2,34.85,198.82,False
151,Jermaine,Kearse,NYJ,WR,201.02,2018,WR2,104.61,201.02,False
152,Kenneth,Dixon,BAL,RB,204.47,2018,RB3,145.38,157.28,False
153,Antonio,Callaway,CLE,WR,205.5,2018,WR2,45.07,205.5,False
154,Adam,Humphries,TBB,WR,209.61,2018,WR4,28.87,143.25,False
1,Saquon,Barkley,NYG,RB,1.61,2019,RB1,1.61,,False
2,Alvin,Kamara,NOS,RB,2.45,2019,RB1,2.45,95.15,False
3,Christian,McCaffrey,CAR,RB,3.26,2019,RB1,3.26,179.67,False
4,Ezekiel,Elliott,DAL,RB,6.33,2019,RB1,6.33,117.73,False
5,DeAndre,Hopkins,HOU,WR,6.65,2019,WR1,6.65,87.59,False
6,James,Conner,PIT,RB,8.77,2019,RB1,8.77,123.63,False
7,LeVeon,Bell,NYJ,RB,9.89,2019,RB1,9.89,170.29,False
8,David,Johnson,ARI,RB,10.31,2019,RB1,10.31,88.82,False
9,Davante,Adams,GBP,WR,10.54,2019,WR1,10.54,115.47,False
10,Todd,Gurley,LAR,RB,11.84,2019,RB1,11.84,171.05,False
11,Julio,Jones,ATL,WR,13.15,2019,WR1,13.15,53.88,False
12,Michael,Thomas,NOS,WR,13.55,2019,WR1,13.55,157.42,False
13,Tyreek,Hill,KCC,WR,14.0,2019,WR1,14.0,93.05,False
14,Nick,Chubb,CLE,RB,14.3,2019,RB1,14.3,101.93,False
15,Odell,Beckham,CLE,WR,14.73,2019,WR1,14.73,67.42,False
16,Dalvin,Cook,MIN,RB,16.4,2019,RB1,16.4,144.73,False
17,JuJu,SmithSchuster,PIT,WR,16.95,2019,WR1,16.95,128.24,False
18,Travis,Kelce,KCC,TE,18.77,2019,TE1,18.77,,False
19,Joe,Mixon,CIN,RB,20.16,2019,RB1,20.16,169.06,False
20,Damien,Williams,KCC,RB,22.66,2019,RB1,22.66,103.33,False
21,Leonard,Fournette,JAC,RB,24.34,2019,RB1,24.34,,False
22,Adam,Thielen,MIN,WR,28.6,2019,WR1,28.6,32.45,False
23,Aaron,Jones,GBP,RB,30.91,2019,RB1,30.91,161.17,False
24,Stefon,Diggs,MIN,WR,32.45,2019,WR2,28.6,32.45,False
25,Zach,Ertz,PHI,TE,32.66,2019,TE1,32.66,162.41,False
26,Keenan,Allen,LAC,WR,32.89,2019,WR1,32.89,60.11,False
27,Amari,Cooper,DAL,WR,33.78,2019,WR1,33.78,130.04,False
28,Derrick,Henry,TEN,RB,35.32,2019,RB1,35.32,144.51,False
29,Melvin,Gordon,LAC,RB,36.07,2019,RB1,36.07,77.14,True
30,Devonta,Freeman,ATL,RB,36.88,2019,RB1,36.88,149.5,False
31,George,Kittle,SFO,TE,38.23,2019,TE1,38.23,,False
32,Brandin,Cooks,LAR,WR,38.31,2019,WR1,38.31,45.86,True
33,Josh,Jacobs,OAK,RB,38.7,2019,RB1,38.7,191.87,False
34,Marlon,Mack,IND,RB,38.96,2019,RB1,38.96,162.27,False
35,Sony,Michel,NEP,RB,42.14,2019,RB1,42.14,66.17,True
36,TY,Hilton,IND,WR,42.99,2019,WR1,42.99,,False
37,Mark,Ingram,BAL,RB,43.48,2019,RB1,43.48,146.36,False
38,Julian,Edelman,NEP,WR,44.49,2019,WR1,44.49,145.27,False
39,Tyler,Lockett,SEA,WR,44.89,2019,WR1,44.89,136.3,False
40,Robert,Woods,LAR,WR,45.86,2019,WR2,38.31,45.86,True
41,David,Montgomery,CHI,RB,48.0,2019,RB1,48.0,72.43,True
42,Phillip,Lindsay,DEN,RB,50.97,2019,RB1,50.97,118.51,False
43,Calvin,Ridley,ATL,WR,53.88,2019,WR2,13.15,53.88,False
44,Kenny,Golladay,DET,WR,55.49,2019,WR1,55.49,97.67,True
45,Chris,Godwin,TBB,WR,55.6,2019,WR1,55.6,,False
46,Cooper,Kupp,LAR,WR,59.0,2019,WR3,38.31,45.86,True
47,Mike,Williams,LAC,WR,60.11,2019,WR2,32.89,60.11,False
48,OJ,Howard,TBB,TE,63.19,2019,TE1,63.19,188.34,False
49,Tyler,Boyd,CIN,WR,63.3,2019,WR1,63.3,74.0,True
50,James,White,NEP,RB,66.17,2019,RB2,42.14,66.17,True
51,Jarvis,Landry,CLE,WR,67.42,2019,WR2,14.73,67.42,False
52,Tevin,Coleman,SFO,RB,68.54,2019,RB1,68.54,118.33,False
53,DJ,Moore,CAR,WR,71.37,2019,WR1,71.37,112.92,False
54,Tarik,Cohen,CHI,RB,72.43,2019,RB2,48.0,72.43,True
55,AJ,Green,CIN,WR,74.0,2019,WR2,63.3,74.0,True
56,Hunter,Henry,LAC,TE,74.14,2019,TE1,74.14,,False
57,Austin,Ekeler,LAC,RB,77.14,2019,RB2,36.07,77.14,True
58,Allen,Robinson,CHI,WR,77.19,2019,WR1,77.19,147.92,False
59,Robby,Anderson,NYJ,WR,78.78,2019,WR1,78.78,151.59,False
60,Jared,Cook,NOS,TE,78.88,2019,TE1,78.88,,False
61,Jordan,Howard,PHI,RB,79.12,2019,RB1,79.12,85.75,True
62,Duke,Johnson,HOU,RB,82.27,2019,RB1,82.27,154.03,False
63,Corey,Davis,TEN,WR,84.0,2019,WR1,84.0,177.31,False
64,Miles,Sanders,PHI,RB,85.75,2019,RB2,79.12,85.75,True
65,Will,Fuller,HOU,WR,87.59,2019,WR2,6.65,87.59,False
66,Kenyan,Drake,ARI,RB,88.82,2019,RB2,10.31,88.82,False
67,Sterling,Shepard,NYG,WR,91.35,2019,WR1,91.35,148.93,False
68,Sammy,Watkins,KCC,WR,93.05,2019,WR2,14.0,93.05,False
69,Latavius,Murray,NOS,RB,95.15,2019,RB2,2.45,95.15,False
70,Vance,McDonald,PIT,TE,96.0,2019,TE1,96.0,,False
71,Dede,Westbrook,JAC,WR,97.09,2019,WR1,97.09,,False
72,Marvin,Jones,DET,WR,97.67,2019,WR2,55.49,97.67,True
73,Emmanuel,Sanders,SFO,WR,98.21,2019,WR1,98.21,105.79,True
74,Larry,Fitzgerald,ARI,WR,99.67,2019,WR1,99.67,110.63,False
75,David,Njoku,CLE,TE,101.9,2019,TE1,101.9,,False
76,Kareem,Hunt,CLE,RB,101.93,2019,RB2,14.3,101.93,False
77,LeSean,McCoy,KCC,RB,103.33,2019,RB2,22.66,103.33,False
78,Courtland,Sutton,DEN,WR,103.97,2019,WR1,103.97,183.66,False
79,Dante,Pettis,SFO,WR,105.79,2019,WR2,98.21,105.79,True
80,Christian,Kirk,ARI,WR,110.63,2019,WR2,99.67,110.63,False
81,Curtis,Samuel,CAR,WR,112.92,2019,WR2,71.37,112.92,False
82,Peyton,Barber,TBB,RB,113.25,2019,RB1,113.25,138.57,False
83,Adrian,Peterson,WAS,RB,113.48,2019,RB1,113.48,161.04,False
84,Austin,Hooper,ATL,TE,114.57,2019,TE1,114.57,,False
85,Geronimo,Allison,GBP,WR,115.47,2019,WR2,10.54,115.47,False
86,Tony,Pollard,DAL,RB,117.73,2019,RB2,6.33,117.73,False
87,Greg,Olsen,CAR,TE,117.99,2019,TE1,117.99,,False
88,Matt,Breida,SFO,RB,118.33,2019,RB2,68.54,118.33,False
89,Kyle,Rudolph,MIN,TE,118.35,2019,TE1,118.35,,False
90,Royce,Freeman,DEN,RB,118.51,2019,RB2,50.97,118.51,False
91,Marquez,ValdesScantling,GBP,WR,121.8,2019,WR3,10.54,115.47,False
92,Darwin,Thompson,KCC,RB,122.02,2019,RB3,22.66,103.33,False
93,Jaylen,Samuels,PIT,RB,123.63,2019,RB2,8.77,123.63,False
94,TJ,Hockenson,DET,TE,124.4,2019,TE1,124.4,,False
95,John,Brown,BUF,WR,124.86,2019,WR1,124.86,174.0,False
96,James,Washington,PIT,WR,128.24,2019,WR2,16.95,128.24,False
97,Devin,Singletary,BUF,RB,128.63,2019,RB1,128.63,183.54,False
98,Michael,Gallup,DAL,WR,130.04,2019,WR2,33.78,130.04,False
100,Jimmy,Graham,GBP,TE,130.7,2019,TE1,130.7,,False
101,Trey,Burton,CHI,TE,133.47,2019,TE1,133.47,,False
102,DK,Metcalf,SEA,WR,136.3,2019,WR2,44.89,136.3,False
103,Ronald,Jones,TBB,RB,138.57,2019,RB2,113.25,138.57,False
104,Mark,Andrews,BAL,TE,140.68,2019,TE1,140.68,,False
105,Justin,Jackson,LAC,RB,144.18,2019,RB3,36.07,77.14,True
106,Dion,Lewis,TEN,RB,144.51,2019,RB2,35.32,144.51,False
107,Chris,Moore,BAL,WR,144.54,2019,WR1,144.54,157.72,False
108,Alexander,Mattison,MIN,RB,144.73,2019,RB2,16.4,144.73,False
109,NKeal,Harry,NEP,WR,145.27,2019,WR2,44.49,145.27,False
110,Tyrell,Williams,OAK,WR,146.19,2019,WR1,146.19,190.81,False
111,Mohamed,Sanu,NEP,WR,146.21,2019,WR3,44.49,145.27,False
112,Justice,Hill,BAL,RB,146.36,2019,RB2,43.48,146.36,False
113,Anthony,Miller,CHI,WR,147.92,2019,WR2,77.19,147.92,False
114,Golden,Tate,NYG,WR,148.93,2019,WR2,91.35,148.93,False
115,Ito,Smith,ATL,RB,149.5,2019,RB2,36.88,149.5,False
116,Jason,Witten,DAL,TE,149.81,2019,TE1,149.81,,False
117,Jamison,Crowder,NYJ,WR,151.59,2019,WR2,78.78,151.59,False
118,Carlos,Hyde,HOU,RB,154.03,2019,RB2,82.27,154.03,False
119,Darren,Waller,OAK,TE,156.98,2019,TE1,156.98,,False
120,Ted,Ginn Jr,NOS,WR,157.42,2019,WR2,13.55,157.42,False
121,Keke,Coutee,HOU,WR,157.46,2019,WR3,6.65,87.59,False
122,Kenny,Stills,HOU,WR,157.61,2019,WR4,6.65,87.59,False
123,Marquise,Brown,BAL,WR,157.72,2019,WR2,144.54,157.72,False
124,Chris,Thompson,WAS,RB,161.04,2019,RB2,113.48,161.04,False
125,DeVante,Parker,MIA,WR,161.15,2019,WR1,161.15,186.56,False
126,Jamaal,Williams,GBP,RB,161.17,2019,RB2,30.91,161.17,False
128,Jack,Doyle,IND,TE,161.54,2019,TE1,161.54,,False
129,Mecole,Hardman,KCC,WR,161.69,2019,WR3,14.0,93.05,False
130,Nyheim,Hines,IND,RB,162.27,2019,RB2,38.96,162.27,False
131,Dallas,Goedert,PHI,TE,162.41,2019,TE2,32.66,162.41,False
132,Damien,Harris,NEP,RB,164.22,2019,RB3,42.14,66.17,True
133,Noah,Fant,DEN,TE,164.3,2019,TE1,164.3,,False
134,Tyler,Eifert,CIN,TE,164.82,2019,TE1,164.82,,False
135,Deebo,Samuel,SFO,WR,166.52,2019,WR3,98.21,105.79,True
136,TreQuan,Smith,NOS,WR,167.56,2019,WR3,13.55,157.42,False
137,Giovani,Bernard,CIN,RB,169.06,2019,RB2,20.16,169.06,False
138,Ty,Montgomery,NYJ,RB,170.29,2019,RB2,9.89,170.29,False
139,Randall,Cobb,DAL,WR,170.78,2019,WR3,33.78,130.04,False
140,Malcolm,Brown,LAR,RB,171.05,2019,RB2,11.84,171.05,False
141,Jakobi,Meyers,NEP,WR,172.56,2019,WR4,44.49,145.27,False
142,Nelson,Agholor,PHI,WR,173.63,2019,WR1,173.63,185.51,False
143,Cole,Beasley,BUF,WR,174.0,2019,WR2,124.86,174.0,False
144,Gus,Edwards,BAL,RB,176.61,2019,RB3,43.48,146.36,False
145,AJ,Brown,TEN,WR,177.31,2019,WR2,84.0,177.31,False
146,Chase,Edmonds,ARI,RB,179.23,2019,RB3,10.31,88.82,False
148,Mike,Davis,CAR,RB,179.67,2019,RB2,3.26,179.67,False
149,Demaryius,Thomas,NYJ,WR,180.03,2019,WR3,78.78,151.59,False
150,Adam,Humphries,TEN,WR,180.56,2019,WR3,84.0,177.31,False
151,Rashard,Higgins,CLE,WR,182.73,2019,WR3,14.73,67.42,False
152,Frank,Gore,BUF,RB,183.54,2019,RB2,128.63,183.54,False
153,DaeSean,Hamilton,DEN,WR,183.66,2019,WR2,103.97,183.66,False
154,Danny,Amendola,DET,WR,184.32,2019,WR3,55.49,97.67,True
155,Rex,Burkhead,NEP,RB,184.36,2019,RB4,42.14,66.17,True
157,Miles,Boykin,BAL,WR,184.66,2019,WR3,144.54,157.72,False
158,JJ,ArcegaWhiteside,PHI,WR,185.51,2019,WR2,173.63,185.51,False
159,Albert,Wilson,MIA,WR,186.56,2019,WR2,161.15,186.56,False
160,Cameron,Brate,TBB,TE,188.34,2019,TE2,63.19,188.34,False
161,Zay,Jones,OAK,WR,190.81,2019,WR2,146.19,190.81,False
162,Jalen,Richard,OAK,RB,191.87,2019,RB2,38.7,191.87,False
164,John,Ross,CIN,WR,199.0,2019,WR3,63.3,74.0,True
165,TJ,Yeldon,BUF,RB,202.03,2019,RB3,128.63,183.54,False
1,Christian,McCaffrey,CAR,RB,1.44,2020,RB1,1.44,,False
2,Saquon,Barkley,NYG,RB,3.01,2020,RB1,3.01,,False
3,Ezekiel,Elliott,DAL,RB,3.79,2020,RB1,3.79,152.88,False
4,Derrick,Henry,TEN,RB,5.64,2020,RB1,5.64,180.76,False
5,Michael,Thomas,NOS,WR,7.3,2020,WR1,7.3,105.95,False
6,Alvin,Kamara,NOS,RB,7.36,2020,RB1,7.36,115.6,False
7,Dalvin,Cook,MIN,RB,7.4,2020,RB1,7.4,128.65,False
8,Clyde,EdwardsHelaire,KCC,RB,10.64,2020,RB1,10.64,45.04,False
9,Aaron,Jones,GBP,RB,13.43,2020,RB1,13.43,146.99,False
10,Davante,Adams,GBP,WR,13.59,2020,WR1,13.59,147.44,False
11,Nick,Chubb,CLE,RB,15.26,2020,RB1,15.26,65.61,False
12,Josh,Jacobs,LVR,RB,15.33,2020,RB1,15.33,198.62,False
13,Tyreek,Hill,KCC,WR,16.24,2020,WR1,16.24,119.99,False
14,Julio,Jones,ATL,WR,17.19,2020,WR1,17.19,47.88,False
15,Joe,Mixon,CIN,RB,18.35,2020,RB1,18.35,189.14,False
16,Travis,Kelce,KCC,TE,18.81,2020,TE1,18.81,,False
17,DeAndre,Hopkins,ARI,WR,19.23,2020,WR1,19.23,115.64,False
18,Austin,Ekeler,LAC,RB,19.61,2020,RB1,19.61,148.64,False
19,Kenyan,Drake,ARI,RB,21.4,2020,RB1,21.4,142.71,False
20,Miles,Sanders,PHI,RB,22.26,2020,RB1,22.26,86.91,False
21,Chris,Godwin,TBB,WR,26.56,2020,WR1,26.56,27.58,False
22,George,Kittle,SFO,TE,27.24,2020,TE1,27.24,,False
23,Mike,Evans,TBB,WR,27.58,2020,WR2,26.56,27.58,False
24,Todd,Gurley,ATL,RB,28.38,2020,RB1,28.38,184.8,False
25,Kenny,Golladay,DET,WR,28.76,2020,WR1,28.76,95.55,False
26,Amari,Cooper,DAL,WR,31.93,2020,WR1,31.93,76.33,False
27,James,Conner,PIT,RB,34.68,2020,RB1,34.68,166.62,False
28,Raheem,Mostert,SFO,RB,35.01,2020,RB1,35.01,122.42,False
29,Adam,Thielen,MIN,WR,35.69,2020,WR1,35.69,126.75,False
30,Odell,Beckham,CLE,WR,35.94,2020,WR1,35.94,76.93,False
31,Chris,Carson,SEA,RB,36.35,2020,RB1,36.35,161.59,False
32,JuJu,SmithSchuster,PIT,WR,36.95,2020,WR1,36.95,114.92,False
33,David,Johnson,HOU,RB,38.02,2020,RB1,38.02,127.91,False
34,Jonathan,Taylor,IND,RB,39.95,2020,RB1,39.95,94.46,True
35,Cooper,Kupp,LAR,WR,40.4,2020,WR1,40.4,53.68,True
36,Leonard,Fournette,TBB,RB,40.54,2020,RB1,40.54,93.5,True
38,AJ,Brown,TEN,WR,44.86,2020,WR1,44.86,175.49,False
39,LeVeon,Bell,KCC,RB,45.04,2020,RB2,10.64,45.04,False
40,Allen,Robinson,CHI,WR,46.41,2020,WR1,46.41,139.3,False
41,Mark,Andrews,BAL,TE,47.33,2020,TE1,47.33,,False
42,Calvin,Ridley,ATL,WR,47.88,2020,WR2,17.19,47.88,False
43,Tyler,Lockett,SEA,WR,48.04,2020,WR1,48.04,53.39,True
44,DJ,Moore,CAR,WR,49.83,2020,WR1,49.83,152.78,False
45,Cam,Akers,LAR,RB,50.42,2020,RB1,50.42,147.62,False
46,Melvin,Gordon,DEN,RB,50.72,2020,RB1,50.72,100.85,True
47,Zach,Ertz,PHI,TE,51.32,2020,TE1,51.32,153.0,False
48,DK,Metcalf,SEA,WR,53.39,2020,WR2,48.04,53.39,True
49,Robert,Woods,LAR,WR,53.68,2020,WR2,40.4,53.68,True
50,Devin,Singletary,BUF,RB,55.33,2020,RB1,55.33,105.01,True
51,Keenan,Allen,LAC,WR,56.17,2020,WR1,56.17,151.33,False
52,Stefon,Diggs,BUF,WR,59.65,2020,WR1,59.65,127.34,False
53,Courtland,Sutton,DEN,WR,61.35,2020,WR1,61.35,111.94,False
54,AJ,Green,CIN,WR,63.41,2020,WR1,63.41,84.09,True
55,Terry,McLaurin,WAS,WR,64.36,2020,WR1,64.36,187.41,False
56,DeVante,Parker,MIA,WR,65.35,2020,WR1,65.35,139.82,False
57,DJ,Chark,JAC,WR,65.51,2020,WR1,65.51,175.66,False
58,Kareem,Hunt,CLE,RB,65.61,2020,RB2,15.26,65.61,False
59,TY,Hilton,IND,WR,66.2,2020,WR1,66.2,158.54,False
60,Darren,Waller,LVR,TE,69.76,2020,TE1,69.76,,False
61,Rob,Gronkowski,TBB,TE,71.58,2020,TE1,71.58,,False
62,Michael,Gallup,DAL,WR,76.33,2020,WR2,31.93,76.33,False
63,Jarvis,Landry,CLE,WR,76.93,2020,WR2,35.94,76.93,False
64,Marquise,Brown,BAL,WR,77.19,2020,WR1,77.19,,False
65,Jared,Cook,NOS,TE,77.34,2020,TE1,77.34,,False
66,David,Montgomery,CHI,RB,80.26,2020,RB1,80.26,101.2,True
67,DAndre,Swift,DET,RB,82.02,2020,RB1,82.02,93.93,True
68,JK,Dobbins,BAL,RB,82.23,2020,RB1,82.23,188.86,False
69,Julian,Edelman,NEP,WR,83.02,2020,WR1,83.02,144.89,False
70,Tyler,Boyd,CIN,WR,84.09,2020,WR2,63.41,84.09,True
71,Brandin,Cooks,HOU,WR,84.53,2020,WR1,84.53,88.42,True
72,Evan,Engram,NYG,TE,86.12,2020,TE1,86.12,,False
73,Jordan,Howard,PHI,RB,86.91,2020,RB2,22.26,86.91,False
74,Will,Fuller,HOU,WR,88.42,2020,WR2,84.53,88.42,True
75,Antonio,Gibson,WAS,RB,88.53,2020,RB1,88.53,140.88,False
76,James,White,NEP,RB,89.72,2020,RB1,89.72,108.89,False
77,Ronald,Jones,TBB,RB,93.5,2020,RB2,40.54,93.5,True
78,Kerryon,Johnson,DET,RB,93.93,2020,RB2,82.02,93.93,True
79,Marlon,Mack,IND,RB,94.46,2020,RB2,39.95,94.46,True
80,Marvin,Jones,DET,WR,95.55,2020,WR2,28.76,95.55,False
81,Hunter,Henry,LAC,TE,97.63,2020,TE1,97.63,,False
82,CeeDee,Lamb,DAL,WR,99.89,2020,WR3,31.93,76.33,False
83,Austin,Hooper,CLE,TE,100.09,2020,TE1,100.09,,False
84,Phillip,Lindsay,DEN,RB,100.85,2020,RB2,50.72,100.85,True
85,Deebo,Samuel,SFO,WR,100.91,2020,WR1,100.91,159.5,False
86,Tarik,Cohen,CHI,RB,101.2,2020,RB2,80.26,101.2,True
87,Hayden,Hurst,ATL,TE,102.92,2020,TE1,102.92,,False
88,Tyler,Higbee,LAR,TE,104.24,2020,TE1,104.24,190.05,False
89,Zack,Moss,BUF,RB,105.01,2020,RB2,55.33,105.01,True
90,Emmanuel,Sanders,NOS,WR,105.95,2020,WR2,7.3,105.95,False
91,Golden,Tate,NYG,WR,108.85,2020,WR1,108.85,112.56,False
92,Sony,Michel,NEP,RB,108.89,2020,RB2,89.72,108.89,False
93,Jerry,Jeudy,DEN,WR,111.94,2020,WR2,61.35,111.94,False
94,Sterling,Shepard,NYG,WR,112.56,2020,WR2,108.85,112.56,False
95,Darius,Slayton,NYG,WR,112.83,2020,WR3,108.85,112.56,False
96,Henry,Ruggs,LVR,WR,113.81,2020,WR1,113.81,164.23,False
97,Diontae,Johnson,PIT,WR,114.92,2020,WR2,36.95,114.92,False
98,Latavius,Murray,NOS,RB,115.6,2020,RB2,7.36,115.6,False
99,Christian,Kirk,ARI,WR,115.64,2020,WR2,19.23,115.64,False
100,James,Robinson,JAC,RB,116.74,2020,RB1,116.74,124.54,False
101,Noah,Fant,DEN,TE,119.0,2020,TE1,119.0,,False
102,Mecole,Hardman,KCC,WR,119.99,2020,WR2,16.24,119.99,False
103,Tevin,Coleman,SFO,RB,122.42,2020,RB2,35.01,122.42,False
104,Adrian,Peterson,DET,RB,124.12,2020,RB3,82.02,93.93,True
105,Chris,Thompson,JAC,RB,124.54,2020,RB2,116.74,124.54,False
106,Matt,Breida,MIA,RB,126.34,2020,RB1,126.34,181.27,False
107,Justin,Jefferson,MIN,WR,126.75,2020,WR2,35.69,126.75,False
108,John,Brown,BUF,WR,127.34,2020,WR2,59.65,127.34,False
109,Blake,Jarwin,DAL,TE,127.35,2020,TE1,127.35,,False
110,Duke,Johnson,HOU,RB,127.91,2020,RB2,38.02,127.91,False
111,Alexander,Mattison,MIN,RB,128.65,2020,RB2,7.4,128.65,False
112,Jamison,Crowder,NYJ,WR,129.21,2020,WR1,129.21,146.33,False
113,TJ,Hockenson,DET,TE,132.26,2020,TE1,132.26,,False
115,Mike,Gesicki,MIA,TE,135.58,2020,TE1,135.58,,False
116,Sammy,Watkins,KCC,WR,137.47,2020,WR3,16.24,119.99,False
117,Jack,Doyle,IND,TE,137.75,2020,TE1,137.75,,False
118,DeSean,Jackson,PHI,WR,138.38,2020,WR1,138.38,148.79,False
119,Anthony,Miller,CHI,WR,139.3,2020,WR2,46.41,139.3,False
120,Preston,Williams,MIA,WR,139.82,2020,WR2,65.35,139.82,False
121,Bryce,Love,WAS,RB,140.88,2020,RB2,88.53,140.88,False
122,Boston,Scott,PHI,RB,141.15,2020,RB3,22.26,86.91,False
123,Jonnu,Smith,TEN,TE,141.92,2020,TE1,141.92,,False
124,Chase,Edmonds,ARI,RB,142.71,2020,RB2,21.4,142.71,False
125,KeShawn,Vaughn,TBB,RB,143.24,2020,RB3,40.54,93.5,True
126,NKeal,Harry,NEP,WR,144.89,2020,WR2,83.02,144.89,False
127,Damien,Harris,NEP,RB,145.57,2020,RB3,89.72,108.89,False
128,Breshad,Perriman,NYJ,WR,146.33,2020,WR2,129.21,146.33,False
129,AJ,Dillon,GBP,RB,146.99,2020,RB2,13.43,146.99,False
130,Allen,Lazard,GBP,WR,147.44,2020,WR2,13.59,147.44,False
131,Darrell,Henderson,LAR,RB,147.62,2020,RB2,50.42,147.62,False
132,Justin,Jackson,LAC,RB,148.64,2020,RB2,19.61,148.64,False
133,Jalen,Reagor,PHI,WR,148.79,2020,WR2,138.38,148.79,False
134,Mike,Williams,LAC,WR,151.33,2020,WR2,56.17,151.33,False
135,Nyheim,Hines,IND,RB,151.91,2020,RB3,39.95,94.46,True
136,Kyle,Rudolph,MIN,TE,151.93,2020,TE1,151.93,174.36,False
137,Chris,Herndon,NYJ,TE,152.26,2020,TE1,152.26,,False
138,Robby,Anderson,CAR,WR,152.78,2020,WR2,49.83,152.78,False
139,Tony,Pollard,DAL,RB,152.88,2020,RB2,3.79,152.88,False
140,Dallas,Goedert,PHI,TE,153.0,2020,TE2,51.32,153.0,False
141,Eric,Ebron,PIT,TE,156.04,2020,TE1,156.04,,False
142,LeSean,McCoy,TBB,RB,157.32,2020,RB4,40.54,93.5,True
143,Larry,Fitzgerald,ARI,WR,158.01,2020,WR3,19.23,115.64,False
144,Curtis,Samuel,CAR,WR,158.15,2020,WR3,49.83,152.78,False
145,Michael,Pittman,IND,WR,158.54,2020,WR2,66.2,158.54,False
146,Darrel,Williams,KCC,RB,159.32,2020,RB3,10.64,45.04,False
147,Brandon,Aiyuk,SFO,WR,159.5,2020,WR2,100.91,159.5,False
148,Carlos,Hyde,SEA,RB,161.59,2020,RB2,36.35,161.59,False
149,Ian,Thomas,CAR,TE,163.43,2020,TE1,163.43,,False
150,Hunter,Renfrow,LVR,WR,164.23,2020,WR2,113.81,164.23,False
151,Jace,Sternberger,GBP,TE,164.37,2020,TE1,164.37,,False
152,CJ,Uzomah,CIN,TE,164.71,2020,TE1,164.71,,False
153,Devine,Ozigbo,JAC,RB,164.74,2020,RB3,116.74,124.54,False
154,Parris,Campbell,IND,WR,164.77,2020,WR3,66.2,158.54,False
155,Malcolm,Brown,LAR,RB,164.86,2020,RB3,50.42,147.62,False
156,Jamaal,Williams,GBP,RB,165.05,2020,RB3,13.43,146.99,False
157,Jaylen,Samuels,PIT,RB,166.62,2020,RB2,34.68,166.62,False
159,Bryan,Edwards,LVR,WR,169.28,2020,WR3,113.81,164.23,False
160,Darren,Fells,HOU,TE,169.69,2020,TE1,169.69,,False
161,Will,Dissly,SEA,TE,170.36,2020,TE1,170.36,,False
162,Alshon,Jeffery,PHI,WR,171.15,2020,WR3,138.38,148.79,False
163,Tee,Higgins,CIN,WR,171.41,2020,WR3,63.41,84.09,True
164,Benny,Snell,PIT,RB,171.52,2020,RB3,34.68,166.62,False
165,Joshua,Kelley,LAC,RB,171.61,2020,RB3,19.61,148.64,False
166,JD,McKissic,WAS,RB,172.0,2020,RB3,88.53,140.88,False
167,Cole,Beasley,BUF,WR,172.25,2020,WR3,59.65,127.34,False
168,Chase,Claypool,PIT,WR,172.55,2020,WR3,36.95,114.92,False
169,Tyler,Eifert,JAC,TE,173.69,2020,TE1,173.69,,False
170,Anthony,McFarland,PIT,RB,173.7,2020,RB4,34.68,166.62,False
171,Irv,Smith Jr,MIN,TE,174.36,2020,TE2,151.93,174.36,False
172,Corey,Davis,TEN,WR,175.49,2020,WR2,44.86,175.49,False
173,Randall,Cobb,HOU,WR,175.52,2020,WR3,84.53,88.42,True
174,Chris,Conley,JAC,WR,175.66,2020,WR2,65.51,175.66,False
175,Josh,Reynolds,LAR,WR,178.05,2020,WR3,40.4,53.68,True
176,Jimmy,Graham,CHI,TE,179.02,2020,TE1,179.02,,False
177,Jerick,McKinnon,SFO,RB,180.46,2020,RB3,35.01,122.42,False
178,Laviska,Shenault,JAC,WR,180.54,2020,WR3,65.51,175.66,False
179,Darrynton,Evans,TEN,RB,180.76,2020,RB2,5.64,180.76,False
180,DeAndre,Washington,MIA,RB,181.27,2020,RB2,126.34,181.27,False
181,Antonio,Brown,TBB,WR,181.87,2020,WR3,26.56,27.58,False
182,Dede,Westbrook,JAC,WR,182.48,2020,WR4,65.51,175.66,False
183,James,Washington,PIT,WR,182.56,2020,WR4,36.95,114.92,False
184,Darwin,Thompson,KCC,RB,183.78,2020,RB4,10.64,45.04,False
185,Marquez,ValdesScantling,GBP,WR,183.87,2020,WR3,13.59,147.44,False
186,Rashaad,Penny,SEA,RB,184.2,2020,RB3,36.35,161.59,False
187,Brian,Hill,ATL,RB,184.8,2020,RB2,28.38,184.8,False
188,Frank,Gore,NYJ,RB,184.85,2020,RB1,184.85,,False
189,Rex,Burkhead,NEP,RB,184.98,2020,RB4,89.72,108.89,False
190,Steven,Sims,WAS,WR,187.41,2020,WR2,64.36,187.41,False
191,Denzel,Mims,NYJ,WR,187.45,2020,WR3,129.21,146.33,False
193,Gus,Edwards,BAL,RB,188.86,2020,RB2,82.23,188.86,False
194,Giovani,Bernard,CIN,RB,189.14,2020,RB2,18.35,189.14,False
195,Gerald,Everett,LAR,TE,190.05,2020,TE2,104.24,190.05,False
196,Jalen,Richard,LVR,RB,198.62,2020,RB2,15.33,198.62,False
197,Ito,Smith,ATL,RB,205.37,2020,RB3,28.38,184.8,False
1,Christian,McCaffrey,CAR,RB,1.68,2021,RB1,1.68,155.1,False
2,Dalvin,Cook,MIN,RB,3.06,2021,RB1,3.06,142.96,False
3,Derrick,Henry,TEN,RB,3.36,2021,RB1,3.36,177.98,False
4,Alvin,Kamara,NOS,RB,4.67,2021,RB1,4.67,133.32,False
5,Ezekiel,Elliott,DAL,RB,8.42,2021,RB1,8.42,132.64,False
6,Nick,Chubb,CLE,RB,8.66,2021,RB1,8.66,57.07,False
7,Aaron,Jones,GBP,RB,8.85,2021,RB1,8.85,110.37,False
8,Davante,Adams,GBP,WR,9.23,2021,WR1,9.23,147.72,False
9,Tyreek,Hill,KCC,WR,10.06,2021,WR1,10.06,124.35,False
10,Jonathan,Taylor,IND,RB,12.19,2021,RB1,12.19,134.64,False
11,Saquon,Barkley,NYG,RB,12.79,2021,RB1,12.79,169.09,False
12,Travis,Kelce,KCC,TE,14.54,2021,TE1,14.54,,False
13,Stefon,Diggs,BUF,WR,15.98,2021,WR1,15.98,114.71,False
14,Austin,Ekeler,LAC,RB,16.79,2021,RB1,16.79,166.33,False
15,Najee,Harris,PIT,RB,17.87,2021,RB1,17.87,194.07,False
16,DK,Metcalf,SEA,WR,18.06,2021,WR1,18.06,58.1,False
17,DeAndre,Hopkins,ARI,WR,21.01,2021,WR1,21.01,155.86,False
18,Antonio,Gibson,WAS,RB,22.4,2021,RB1,22.4,131.39,False
19,Joe,Mixon,CIN,RB,23.12,2021,RB1,23.12,190.71,False
20,Clyde,EdwardsHelaire,KCC,RB,26.13,2021,RB1,26.13,166.91,False
21,Justin,Jefferson,MIN,WR,28.46,2021,WR1,28.46,45.95,False
22,AJ,Brown,TEN,WR,29.09,2021,WR1,29.09,46.96,False
23,Keenan,Allen,LAC,WR,29.9,2021,WR1,29.9,122.93,False
24,Mike,Evans,TBB,WR,30.14,2021,WR1,30.14,40.52,False
25,Chris,Carson,SEA,RB,30.72,2021,RB1,30.72,163.63,False
26,Darren,Waller,LVR,TE,31.39,2021,TE1,31.39,,False
27,Josh,Jacobs,LVR,RB,32.11,2021,RB1,32.11,119.55,False
28,David,Montgomery,CHI,RB,35.63,2021,RB1,35.63,175.18,False
29,George,Kittle,SFO,TE,37.15,2021,TE1,37.15,,False
30,Miles,Sanders,PHI,RB,38.62,2021,RB1,38.62,172.62,False
31,Terry,McLaurin,WAS,WR,38.73,2021,WR1,38.73,133.83,False
32,James,Robinson,JAC,RB,38.84,2021,RB1,38.84,94.01,True
33,Chris,Godwin,TBB,WR,40.52,2021,WR2,30.14,40.52,False
34,CeeDee,Lamb,DAL,WR,42.01,2021,WR1,42.01,50.26,True
35,Allen,Robinson,CHI,WR,43.17,2021,WR1,43.17,142.66,False
36,Adam,Thielen,MIN,WR,45.95,2021,WR2,28.46,45.95,False
37,Julio,Jones,TEN,WR,46.96,2021,WR2,29.09,46.96,False
38,Myles,Gaskin,MIA,RB,48.32,2021,RB1,48.32,134.69,False
39,DAndre,Swift,DET,RB,49.35,2021,RB1,49.35,120.12,False
40,Amari,Cooper,DAL,WR,50.26,2021,WR2,42.01,50.26,True
41,JK,Dobbins,BAL,RB,52.32,2021,RB1,52.32,60.19,True
42,Raheem,Mostert,SFO,RB,55.65,2021,RB1,55.65,87.01,True
43,Kareem,Hunt,CLE,RB,57.07,2021,RB2,8.66,57.07,False
44,Mark,Andrews,BAL,TE,57.2,2021,TE1,57.2,,False
45,DJ,Moore,CAR,WR,57.87,2021,WR1,57.87,93.74,True
46,Kyle,Pitts,ATL,TE,57.98,2021,TE1,57.98,,False
47,Tyler,Lockett,SEA,WR,58.1,2021,WR2,18.06,58.1,False
48,Cooper,Kupp,LAR,WR,58.18,2021,WR1,58.18,71.48,True
49,Chase,Edmonds,ARI,RB,59.44,2021,RB1,59.44,101.99,True
50,Mike,Davis,ATL,RB,59.64,2021,RB1,59.64,,False
51,Gus,Edwards,BAL,RB,60.19,2021,RB2,52.32,60.19,True
52,Diontae,Johnson,PIT,WR,63.34,2021,WR1,63.34,71.94,True
53,Damien,Harris,NEP,RB,65.19,2021,RB1,65.19,144.4,False
54,Darrell,Henderson,LAR,RB,65.46,2021,RB1,65.46,104.11,True
55,Leonard,Fournette,TBB,RB,70.13,2021,RB1,70.13,86.41,True
56,Melvin,Gordon,DEN,RB,70.99,2021,RB1,70.99,72.25,True
57,Brandon,Aiyuk,SFO,WR,71.4,2021,WR1,71.4,96.55,True
58,Odell,Beckham,LAR,WR,71.48,2021,WR2,58.18,71.48,True
59,JuJu,SmithSchuster,PIT,WR,71.94,2021,WR2,63.34,71.94,True
60,Javonte,Williams,DEN,RB,72.25,2021,RB2,70.99,72.25,True
61,JaMarr,Chase,CIN,WR,73.36,2021,WR1,73.36,78.46,True
62,Chase,Claypool,PIT,WR,75.27,2021,WR3,63.34,71.94,True
63,TJ,Hockenson,DET,TE,76.37,2021,TE1,76.37,,False
64,Tee,Higgins,CIN,WR,78.46,2021,WR2,73.36,78.46,True
65,Michael,Thomas,NOS,WR,80.92,2021,WR1,80.92,115.21,False
66,Courtland,Sutton,DEN,WR,81.51,2021,WR1,81.51,86.34,True
67,Brandin,Cooks,HOU,WR,83.8,2021,WR1,83.8,,False
68,Robert,Tonyan,GBP,TE,84.47,2021,TE1,84.47,,False
69,Kenny,Golladay,NYG,WR,85.2,2021,WR1,85.2,132.73,False
70,Jerry,Jeudy,DEN,WR,86.34,2021,WR2,81.51,86.34,True
71,Ronald,Jones,TBB,RB,86.41,2021,RB2,70.13,86.41,True
72,Trey,Sermon,SFO,RB,87.01,2021,RB2,55.65,87.01,True
73,Logan,Thomas,WAS,TE,89.73,2021,TE1,89.73,,False
74,Robby,Anderson,CAR,WR,93.74,2021,WR2,57.87,93.74,True
75,Travis,Etienne,JAC,RB,94.01,2021,RB2,38.84,94.01,True
76,Tyler,Boyd,CIN,WR,95.19,2021,WR3,73.36,78.46,True
77,Deebo,Samuel,SFO,WR,96.55,2021,WR2,71.4,96.55,True
78,Jarvis,Landry,CLE,WR,98.29,2021,WR1,98.29,,False
79,James,Conner,ARI,RB,101.99,2021,RB2,59.44,101.99,True
80,Corey,Davis,NYJ,WR,102.37,2021,WR1,102.37,157.2,False
81,DeVonta,Smith,PHI,WR,103.45,2021,WR1,103.45,160.9,False
83,Sony,Michel,LAR,RB,104.11,2021,RB2,65.46,104.11,True
85,Devin,Singletary,BUF,RB,104.36,2021,RB1,104.36,104.99,True
86,Zack,Moss,BUF,RB,104.99,2021,RB2,104.36,104.99,True
87,DJ,Chark,JAC,WR,106.99,2021,WR1,106.99,112.5,False
88,Noah,Fant,DEN,TE,108.83,2021,TE1,108.83,,False
89,Michael,Carter,NYJ,RB,109.36,2021,RB1,109.36,144.97,False
90,Mike,Gesicki,MIA,TE,109.55,2021,TE1,109.55,,False
91,AJ,Dillon,GBP,RB,110.37,2021,RB2,8.85,110.37,False
92,Dallas,Goedert,PHI,TE,111.67,2021,TE1,111.67,,False
93,Laviska,Shenault,JAC,WR,112.5,2021,WR2,106.99,112.5,False
94,Rob,Gronkowski,TBB,TE,112.92,2021,TE1,112.92,178.01,False
95,Jared,Cook,LAC,TE,113.32,2021,TE1,113.32,,False
96,Cole,Beasley,BUF,WR,114.71,2021,WR2,15.98,114.71,False
97,Marquez,Callaway,NOS,WR,115.21,2021,WR2,80.92,115.21,False
98,Marquise,Brown,BAL,WR,119.29,2021,WR1,119.29,167.05,False
99,Michael,Gallup,DAL,WR,119.4,2021,WR3,42.01,50.26,True
100,Kenyan,Drake,LVR,RB,119.55,2021,RB2,32.11,119.55,False
101,Jamaal,Williams,DET,RB,120.12,2021,RB2,49.35,120.12,False
102,Michael,Pittman,IND,WR,120.57,2021,WR1,120.57,148.77,False
103,Will,Fuller,MIA,WR,121.98,2021,WR1,121.98,125.09,False
104,Jonnu,Smith,NEP,TE,122.79,2021,TE1,122.79,144.2,False
105,Mike,Williams,LAC,WR,122.93,2021,WR2,29.9,122.93,False
106,Mecole,Hardman,KCC,WR,124.35,2021,WR2,10.06,124.35,False
107,Jaylen,Waddle,MIA,WR,125.09,2021,WR2,121.98,125.09,False
108,David,Johnson,HOU,RB,125.58,2021,RB1,125.58,,False
109,Marvin,Jones,JAC,WR,128.42,2021,WR3,106.99,112.5,False
110,Irv,Smith Jr,MIN,TE,128.79,2021,TE1,128.79,,False
111,Zach,Ertz,ARI,TE,129.05,2021,TE1,129.05,,False
112,JD,McKissic,WAS,RB,131.39,2021,RB2,22.4,131.39,False
113,Tony,Pollard,DAL,RB,132.64,2021,RB2,8.42,132.64,False
114,DeVante,Parker,MIA,WR,132.66,2021,WR3,121.98,125.09,False
115,Sterling,Shepard,NYG,WR,132.73,2021,WR2,85.2,132.73,False
116,Russell,Gage,ATL,WR,133.02,2021,WR1,133.02,,False
117,Mark,Ingram,NOS,RB,133.32,2021,RB2,4.67,133.32,False
118,Curtis,Samuel,WAS,WR,133.83,2021,WR2,38.73,133.83,False
119,Nyheim,Hines,IND,RB,134.64,2021,RB2,12.19,134.64,False
120,Phillip,Lindsay,MIA,RB,134.69,2021,RB2,48.32,134.69,False
121,Anthony,Firkser,TEN,TE,137.15,2021,TE1,137.15,,False
122,Nelson,Agholor,NEP,WR,139.96,2021,WR1,139.96,142.28,False
123,Latavius,Murray,BAL,RB,141.87,2021,RB3,52.32,60.19,True
124,Jakobi,Meyers,NEP,WR,142.28,2021,WR2,139.96,142.28,False
125,Darnell,Mooney,CHI,WR,142.66,2021,WR2,43.17,142.66,False
126,Alexander,Mattison,MIN,RB,142.96,2021,RB2,3.06,142.96,False
127,TySon,Williams,BAL,RB,144.17,2021,RB4,52.32,60.19,True
128,Hunter,Henry,NEP,TE,144.2,2021,TE2,122.79,144.2,False
129,James,White,NEP,RB,144.4,2021,RB2,65.19,144.4,False
130,Rhamondre,Stevenson,NEP,RB,144.59,2021,RB3,65.19,144.4,False
131,Tevin,Coleman,NYJ,RB,144.97,2021,RB2,109.36,144.97,False
132,Jeffery,Wilson,SFO,RB,145.61,2021,RB3,55.65,87.01,True
133,Evan,Engram,NYG,TE,145.83,2021,TE1,145.83,,False
135,Gabriel,Davis,BUF,WR,147.08,2021,WR3,15.98,114.71,False
136,Marquez,ValdesScantling,GBP,WR,147.72,2021,WR2,9.23,147.72,False
137,TY,Hilton,IND,WR,148.77,2021,WR2,120.57,148.77,False
138,Austin,Hooper,CLE,TE,152.25,2021,TE1,152.25,,False
139,Adam,Trautman,NOS,TE,153.8,2021,TE1,153.8,,False
140,Randall,Cobb,GBP,WR,155.04,2021,WR3,9.23,147.72,False
142,Chuba,Hubbard,CAR,RB,155.1,2021,RB2,1.68,155.1,False
141,Eric,Ebron,PIT,TE,155.1,2021,TE1,155.1,158.95,False
143,AJ,Green,ARI,WR,155.86,2021,WR2,21.01,155.86,False
144,Jamison,Crowder,NYJ,WR,157.2,2021,WR2,102.37,157.2,False
145,Pat,Freiermuth,PIT,TE,158.95,2021,TE2,155.1,158.95,False
146,Emmanuel,Sanders,BUF,WR,159.0,2021,WR4,15.98,114.71,False
147,Christian,Kirk,ARI,WR,159.3,2021,WR3,21.01,155.86,False
148,Rondale,Moore,ARI,WR,159.83,2021,WR4,21.01,155.86,False
149,TreQuan,Smith,NOS,WR,160.67,2021,WR3,80.92,115.21,False
150,Jalen,Reagor,PHI,WR,160.9,2021,WR2,103.45,160.9,False
151,Marlon,Mack,IND,RB,161.18,2021,RB3,12.19,134.64,False
152,Gerald,Everett,SEA,TE,161.22,2021,TE1,161.22,,False
153,Giovani,Bernard,TBB,RB,162.78,2021,RB3,70.13,86.41,True
154,Rashaad,Penny,SEA,RB,163.63,2021,RB2,30.72,163.63,False
155,Terrace,Marshall,CAR,WR,163.85,2021,WR3,57.87,93.74,True
156,Blake,Jarwin,DAL,TE,163.86,2021,TE1,163.86,,False
157,Jimmy,Graham,CHI,TE,164.22,2021,TE1,164.22,164.35,False
158,Cole,Kmet,CHI,TE,164.35,2021,TE2,164.22,164.35,False
159,Tony,Jones,NOS,RB,165.53,2021,RB3,4.67,133.32,False
160,Justin,Jackson,LAC,RB,166.33,2021,RB2,16.79,166.33,False
161,Darrel,Williams,KCC,RB,166.91,2021,RB2,26.13,166.91,False
162,Rashod,Bateman,BAL,WR,167.05,2021,WR2,119.29,167.05,False
163,Breshad,Perriman,TBB,WR,167.59,2021,WR3,30.14,40.52,False
165,Allen,Lazard,GBP,WR,168.99,2021,WR4,9.23,147.72,False
166,Devontae,Booker,NYG,RB,169.09,2021,RB2,12.79,169.09,False
167,Malcolm,Brown,MIA,RB,169.59,2021,RB3,48.32,134.69,False
168,Boston,Scott,PHI,RB,172.62,2021,RB2,38.62,172.62,False
169,Sammy,Watkins,BAL,WR,173.12,2021,WR3,119.29,167.05,False
170,Bryan,Edwards,LVR,WR,173.23,2021,WR1,173.23,186.51,False
171,Carlos,Hyde,JAC,RB,173.63,2021,RB3,38.84,94.01,True
172,Kenneth,Gainwell,PHI,RB,174.58,2021,RB3,38.62,172.62,False
173,Tarik,Cohen,CHI,RB,175.18,2021,RB2,35.63,175.18,False
174,Dawson,Knox,BUF,TE,176.0,2021,TE1,176.0,,False
176,Darrynton,Evans,TEN,RB,177.98,2021,RB2,3.36,177.98,False
177,OJ,Howard,TBB,TE,178.01,2021,TE2,112.92,178.01,False
178,AmonRa,St Brown,DET,WR,178.46,2021,WR1,178.46,,False
179,Parris,Campbell,IND,WR,178.93,2021,WR3,120.57,148.77,False
180,Jerick,McKinnon,KCC,RB,180.38,2021,RB3,26.13,166.91,False
181,Jack,Doyle,IND,TE,181.02,2021,TE1,181.02,,False
182,Wayne,Gallman,MIN,RB,181.11,2021,RB3,3.06,142.96,False
183,Damien,Williams,CHI,RB,181.15,2021,RB3,35.63,175.18,False
184,Salvon,Ahmed,MIA,RB,183.24,2021,RB4,48.32,134.69,False
185,Ty,Johnson,NYJ,RB,185.18,2021,RB3,109.36,144.97,False
186,Hunter,Renfrow,LVR,WR,186.51,2021,WR2,173.23,186.51,False
187,Darius,Slayton,NYG,WR,187.12,2021,WR3,85.2,132.73,False
188,Samaje,Perine,CIN,RB,190.71,2021,RB2,23.12,190.71,False
189,Benny,Snell,PIT,RB,194.07,2021,RB2,17.87,194.07,False
