FirstName,LastName,Team,Position,ADP,Year,TeamPosRank,PosRank1_ADP,PosRank2_ADP,PosAmbiguity
Adrian,Peterson,MIN,RB,1.5,2013,RB1,1.5,183.26,False
Doug,Martin,TAM,RB,3.66,2013,RB1,3.66,,False
Arian,Foster,HOU,RB,4.58,2013,RB1,4.58,100.71,False
Marshawn,Lynch,SEA,RB,7.64,2013,RB1,7.64,157.24,False
Jamaal,Charles,KAN,RB,7.92,2013,RB1,7.92,177.17,False
Ray,Rice,BAL,RB,8.7,2013,RB1,8.7,130.8,False
Calvin,Johnson,DET,WR,8.99,2013,WR1,8.99,152.93,False
CJ,Spiller,BUF,RB,9.31,2013,RB1,9.31,131.07,False
Trent,Richardson,IND,RB,10.2,2013,RB1,10.2,78.73,False
LeSean,McCoy,PHI,RB,11.0,2013,RB1,11.0,127.37,False
Alfred,Morris,WAS,RB,13.93,2013,RB1,13.93,164.92,False
Matt,Forte,CHI,RB,17.02,2013,RB1,17.02,151.77,False
AJ,Green,CIN,WR,17.41,2013,WR1,17.41,164.7,False
Dez,Bryant,DAL,WR,17.78,2013,WR1,17.78,88.37,False
Chris,Johnson,TEN,RB,21.51,2013,RB1,21.51,158.92,False
Steven,Jackson,ATL,RB,21.72,2013,RB1,21.72,143.75,False
Julio,Jones,ATL,WR,21.83,2013,WR1,21.83,34.02,False
Brandon,Marshall,CHI,WR,22.96,2013,WR1,22.96,131.71,False
Jimmy,Graham,NOR,TE,24.33,2013,TE1,24.33,,False
Demaryius,Thomas,DEN,WR,24.84,2013,WR1,24.84,42.75,True
Stevan,Ridley,NWE,RB,27.29,2013,RB1,27.29,91.13,True
Maurice,JonesDrew,JAX,RB,27.45,2013,RB1,27.45,189.94,False
Larry,Fitzgerald,ARI,WR,29.91,2013,WR1,29.91,127.07,False
Reggie,Bush,DET,RB,31.18,2013,RB1,31.18,146.47,False
Andre,Johnson,HOU,WR,31.26,2013,WR1,31.26,121.53,False
Frank,Gore,SFO,RB,32.83,2013,RB1,32.83,165.84,False
Randall,Cobb,GNB,WR,33.23,2013,WR1,33.23,55.84,True
Roddy,White,ATL,WR,34.02,2013,WR2,21.83,34.02,False
David,Wilson,NYG,RB,36.24,2013,RB1,36.24,113.89,False
Victor,Cruz,NYG,WR,36.26,2013,WR1,36.26,57.44,True
DeMarco,Murray,DAL,RB,36.73,2013,RB1,36.73,173.21,False
Vincent,Jackson,TAM,WR,40.02,2013,WR1,40.02,99.43,True
Wes,Welker,DEN,WR,42.75,2013,WR2,24.84,42.75,True
Marques,Colston,NOR,WR,45.05,2013,WR1,45.05,105.62,True
Darren,McFadden,OAK,RB,45.96,2013,RB1,45.96,191.57,False
Darren,Sproles,NOR,RB,46.78,2013,RB1,46.78,97.24,True
Dwayne,Bowe,KAN,WR,48.27,2013,WR1,48.27,200.97,False
Eddie,Lacy,GNB,RB,49.06,2013,RB1,49.06,160.06,False
Rob,Gronkowski,NWE,TE,49.34,2013,TE1,49.34,,False
Danny,Amendola,NWE,WR,49.89,2013,WR1,49.89,118.1,False
Reggie,Wayne,IND,WR,50.59,2013,WR1,50.59,77.35,True
Lamar,Miller,MIA,RB,52.37,2013,RB1,52.37,173.45,False
Jordy,Nelson,GNB,WR,55.84,2013,WR2,33.23,55.84,True
Hakeem,Nicks,NYG,WR,57.44,2013,WR2,36.26,57.44,True
Torrey,Smith,BAL,WR,57.86,2013,WR1,57.86,171.15,False
Jason,Witten,DAL,TE,59.96,2013,TE1,59.96,,False
Pierre,Garcon,WAS,WR,60.56,2013,WR1,60.56,177.03,False
Eric,Decker,DEN,WR,60.85,2013,WR3,24.84,42.75,True
Vernon,Davis,SFO,TE,60.92,2013,TE1,60.92,,False
Montee,Ball,DEN,RB,62.24,2013,RB1,62.24,124.89,False
Ryan,Mathews,SDG,RB,63.27,2013,RB1,63.27,140.72,False
Antonio,Brown,PIT,WR,64.37,2013,WR1,64.37,128.59,False
Mike,Wallace,MIA,WR,64.45,2013,WR1,64.45,153.83,False
Tony,Gonzalez,ATL,TE,64.46,2013,TE1,64.46,,False
DeSean,Jackson,PHI,WR,69.58,2013,WR1,69.58,191.66,False
Giovani,Bernard,CIN,RB,70.16,2013,RB1,70.16,89.44,True
Steve,Smith,CAR,WR,70.81,2013,WR1,70.81,167.16,False
James,Jones,GNB,WR,72.42,2013,WR3,33.23,55.84,True
TY,Hilton,IND,WR,77.35,2013,WR2,50.59,77.35,True
Ahmad,Bradshaw,IND,RB,78.73,2013,RB2,10.2,78.73,False
Daryl,Richardson,STL,RB,78.88,2013,RB1,78.88,152.65,False
Chris,Ivory,NYJ,RB,80.59,2013,RB1,80.59,160.6,False
LeVeon,Bell,PIT,RB,83.64,2013,RB1,83.64,152.33,False
Tavon,Austin,STL,WR,84.22,2013,WR1,84.22,118.06,False
Jermichael,Finley,GNB,TE,84.76,2013,TE1,84.76,,False
Rashard,Mendenhall,ARI,RB,85.7,2013,RB1,85.7,178.98,False
Greg,Jennings,MIN,WR,87.12,2013,WR1,87.12,144.59,False
Miles,Austin,DAL,WR,88.37,2013,WR2,17.78,88.37,False
Cecil,Shorts,JAX,WR,88.54,2013,WR1,88.54,123.17,False
Anquan,Boldin,SFO,WR,88.73,2013,WR1,88.73,193.22,False
Stevie,Johnson,BUF,WR,89.06,2013,WR1,89.06,181.69,False
DeAngelo,Williams,CAR,RB,89.23,2013,RB1,89.23,135.03,False
BenJarvus,GreenEllis,CIN,RB,89.44,2013,RB2,70.16,89.44,True
Kyle,Rudolph,MIN,TE,90.4,2013,TE1,90.4,,False
Shane,Vereen,NWE,RB,91.13,2013,RB2,27.29,91.13,True
Greg,Olsen,CAR,TE,95.57,2013,TE1,95.57,,False
Mark,Ingram,NOR,RB,97.24,2013,RB2,46.78,97.24,True
Mike,Williams,TAM,WR,99.43,2013,WR2,40.02,99.43,True
Josh,Gordon,CLE,WR,100.39,2013,WR1,100.39,169.57,False
Ben,Tate,HOU,RB,100.71,2013,RB2,4.58,100.71,False
Antonio,Gates,SDG,TE,104.04,2013,TE1,104.04,,False
Owen,Daniels,HOU,TE,105.18,2013,TE1,105.18,,False
Lance,Moore,NOR,WR,105.62,2013,WR2,45.05,105.62,True
Kenny,Britt,TEN,WR,105.65,2013,WR1,105.65,151.96,False
Jared,Cook,STL,TE,107.02,2013,TE1,107.02,,False
Andre,Brown,NYG,RB,113.89,2013,RB2,36.24,113.89,False
Golden,Tate,SEA,WR,115.49,2013,WR1,115.49,119.49,False
Chris,Givens,STL,WR,118.06,2013,WR2,84.22,118.06,False
Kenbrell,Thompkins,NWE,WR,118.1,2013,WR2,49.89,118.1,False
Vick,Ballard,IND,RB,119.07,2013,RB3,10.2,78.73,False
Sidney,Rice,SEA,WR,119.49,2013,WR2,115.49,119.49,False
DeAndre,Hopkins,HOU,WR,121.53,2013,WR2,31.26,121.53,False
Justin,Blackmon,JAX,WR,123.17,2013,WR2,88.54,123.17,False
Vincent,Brown,SDG,WR,124.11,2013,WR1,124.11,162.1,False
Jordan,Cameron,CLE,TE,124.18,2013,TE1,124.18,,False
Ronnie,Hillman,DEN,RB,124.89,2013,RB2,62.24,124.89,False
Michael,Floyd,ARI,WR,127.07,2013,WR2,29.91,127.07,False
Bryce,Brown,PHI,RB,127.37,2013,RB2,11.0,127.37,False
Emmanuel,Sanders,PIT,WR,128.59,2013,WR2,64.37,128.59,False
Bernard,Pierce,BAL,RB,130.8,2013,RB2,8.7,130.8,False
Fred,Jackson,BUF,RB,131.07,2013,RB2,9.31,131.07,False
Alshon,Jeffery,CHI,WR,131.71,2013,WR2,22.96,131.71,False
Martellus,Bennett,CHI,TE,133.6,2013,TE1,133.6,,False
Jonathan,Stewart,CAR,RB,135.03,2013,RB2,89.23,135.03,False
Brandon,Pettigrew,DET,TE,136.04,2013,TE1,136.04,,False
Denarius,Moore,OAK,WR,136.48,2013,WR1,136.48,196.79,False
Brandon,Myers,NYG,TE,136.98,2013,TE1,136.98,,False
Zach,Sudfeld,NYJ,TE,139.18,2013,TE1,139.18,,False
Danny,Woodhead,SDG,RB,140.72,2013,RB2,63.27,140.72,False
Fred,Davis,WAS,TE,142.52,2013,TE1,142.52,,False
Jacquizz,Rodgers,ATL,RB,143.75,2013,RB2,21.72,143.75,False
Pierre,Thomas,NOR,RB,144.17,2013,RB3,46.78,97.24,True
Cordarrelle,Patterson,MIN,WR,144.59,2013,WR2,87.12,144.59,False
Jermaine,Gresham,CIN,TE,145.15,2013,TE1,145.15,154.23,False
Mikel,Leshoure,DET,RB,146.47,2013,RB2,31.18,146.47,False
Knowshon,Moreno,DEN,RB,150.15,2013,RB3,62.24,124.89,False
Michael,Bush,CHI,RB,151.77,2013,RB2,17.02,151.77,False
Kendall,Wright,TEN,WR,151.96,2013,WR2,105.65,151.96,False
Jonathan,Dwyer,PIT,RB,152.33,2013,RB2,83.64,152.33,False
Isaiah,Pead,STL,RB,152.65,2013,RB2,78.88,152.65,False
Ryan,Broyles,DET,WR,152.93,2013,WR2,8.99,152.93,False
Brian,Hartline,MIA,WR,153.83,2013,WR2,64.45,153.83,False
Rueben,Randle,NYG,WR,154.1,2013,WR3,36.26,57.44,True
Tyler,Eifert,CIN,TE,154.23,2013,TE2,145.15,154.23,False
Darrius,HeywardBey,IND,WR,154.43,2013,WR3,50.59,77.35,True
Joique,Bell,DET,RB,156.35,2013,RB3,31.18,146.47,False
Christine,Michael,SEA,RB,157.24,2013,RB2,7.64,157.24,False
Shonn,Greene,TEN,RB,158.92,2013,RB2,21.51,158.92,False
Johnathan,Franklin,GNB,RB,160.06,2013,RB2,49.06,160.06,False
Bilal,Powell,NYJ,RB,160.6,2013,RB2,80.59,160.6,False
Julius,Thomas,DEN,TE,160.66,2013,TE1,160.66,208.31,False
Coby,Fleener,IND,TE,162.1,2013,TE1,162.1,177.66,False
Malcom,Floyd,SDG,WR,162.1,2013,WR2,124.11,162.1,False
Heath,Miller,PIT,TE,163.1,2013,TE1,163.1,,False
Aaron,Dobson,NWE,WR,164.32,2013,WR3,49.89,118.1,False
Mohamed,Sanu,CIN,WR,164.7,2013,WR2,17.41,164.7,False
Roy,Helu,WAS,RB,164.92,2013,RB2,13.93,164.92,False
LaMichael,James,SFO,RB,165.84,2013,RB2,32.83,165.84,False
Brandon,LaFell,CAR,WR,167.16,2013,WR2,70.81,167.16,False
Kendall,Hunter,SFO,RB,169.17,2013,RB3,32.83,165.84,False
Greg,Little,CLE,WR,169.57,2013,WR2,100.39,169.57,False
Jacoby,Jones,BAL,WR,171.15,2013,WR2,57.86,171.15,False
Zach,Miller,SEA,TE,172.08,2013,TE1,172.08,,False
Zac,Stacy,STL,RB,172.74,2013,RB3,78.88,152.65,False
Joseph,Randle,DAL,RB,173.21,2013,RB2,36.73,173.21,False
Daniel,Thomas,MIA,RB,173.45,2013,RB2,52.37,173.45,False
Santana,Moss,WAS,WR,177.03,2013,WR2,60.56,177.03,False
Knile,Davis,KAN,RB,177.17,2013,RB2,7.92,177.17,False
Dwayne,Allen,IND,TE,177.66,2013,TE2,162.1,177.66,False
Santonio,Holmes,NYJ,WR,178.83,2013,WR1,178.83,203.34,False
Ryan,Williams,ARI,RB,178.98,2013,RB2,85.7,178.98,False
Brent,Celek,PHI,TE,179.3,2013,TE1,179.3,190.63,False
Robert,Turbin,SEA,RB,180.22,2013,RB3,7.64,157.24,False
Robert,Woods,BUF,WR,181.69,2013,WR2,89.06,181.69,False
Ed,Dickson,BAL,TE,182.05,2013,TE1,182.05,,False
Kenny,Stills,NOR,WR,182.47,2013,WR3,45.05,105.62,True
Felix,Jones,PIT,RB,182.51,2013,RB3,83.64,152.33,False
Markus,Wheaton,PIT,WR,182.54,2013,WR3,64.37,128.59,False
Julian,Edelman,NWE,WR,182.62,2013,WR4,49.89,118.1,False
Toby,Gerhart,MIN,RB,183.26,2013,RB2,1.5,183.26,False
Andre,Roberts,ARI,WR,184.11,2013,WR3,29.91,127.07,False
Robert,Housler,ARI,TE,184.61,2013,TE1,184.61,,False
DuJuan,Harris,GNB,RB,188.78,2013,RB3,49.06,160.06,False
LeGarrette,Blount,NWE,RB,189.67,2013,RB3,27.29,91.13,True
Denard,Robinson,JAX,RB,189.94,2013,RB2,27.45,189.94,False
Zach,Ertz,PHI,TE,190.63,2013,TE2,179.3,190.63,False
Marcel,Reece,OAK,RB,191.57,2013,RB2,45.96,191.57,False
Riley,Cooper,PHI,WR,191.66,2013,WR2,69.58,191.66,False
Quinton,Patton,SFO,WR,193.22,2013,WR2,88.73,193.22,False
Marcus,Lattimore,SFO,RB,193.45,2013,RB4,32.83,165.84,False
Lance,Dunbar,DAL,RB,194.15,2013,RB3,36.73,173.21,False
Mike,Tolbert,CAR,RB,194.16,2013,RB3,89.23,135.03,False
Keenan,Allen,SDG,WR,195.67,2013,WR3,124.11,162.1,False
Rashad,Jennings,OAK,RB,195.94,2013,RB3,45.96,191.57,False
Nate,Washington,TEN,WR,196.73,2013,WR3,105.65,151.96,False
Rod,Streater,OAK,WR,196.79,2013,WR2,136.48,196.79,False
Marcedes,Lewis,JAX,TE,197.7,2013,TE1,197.7,,False
Stepfan,Taylor,ARI,RB,200.95,2013,RB3,85.7,178.98,False
Donnie,Avery,KAN,WR,200.97,2013,WR2,48.27,200.97,False
Nate,Burleson,DET,WR,202.15,2013,WR3,8.99,152.93,False
Stephen,Hill,NYJ,WR,203.34,2013,WR2,178.83,203.34,False
Jacob,Tamme,DEN,TE,208.31,2013,TE2,160.66,208.31,False
Justin,Hunter,TEN,WR,208.59,2013,WR4,105.65,151.96,False
Brian,Quick,STL,WR,209.62,2013,WR3,84.22,118.06,False
Dexter,McCluster,KAN,WR,214.86,2013,WR3,48.27,200.97,False
Jeremy,Kerley,NYJ,WR,217.76,2013,WR3,178.83,203.34,False
LeSean,McCoy,PHI,RB,2.44,2014,RB1,2.44,102.68,False
Jamaal,Charles,KAN,RB,3.4,2014,RB1,3.4,157.55,False
Calvin,Johnson,DET,WR,6.54,2014,WR1,6.54,91.86,False
Matt,Forte,CHI,RB,6.9,2014,RB1,6.9,191.44,False
Eddie,Lacy,GNB,RB,8.46,2014,RB1,8.46,167.59,False
Demaryius,Thomas,DEN,WR,10.46,2014,WR1,10.46,68.31,False
Jimmy,Graham,NOR,TE,11.44,2014,TE1,11.44,,False
Marshawn,Lynch,SEA,RB,11.52,2014,RB1,11.52,144.18,False
Dez,Bryant,DAL,WR,14.5,2014,WR1,14.5,97.56,False
AJ,Green,CIN,WR,15.02,2014,WR1,15.02,156.99,False
Montee,Ball,DEN,RB,17.07,2014,RB1,17.07,172.39,False
Julio,Jones,ATL,WR,18.25,2014,WR1,18.25,50.41,False
DeMarco,Murray,DAL,RB,18.28,2014,RB1,18.28,174.38,False
Brandon,Marshall,CHI,WR,18.77,2014,WR1,18.77,26.74,False
Giovani,Bernard,CIN,RB,22.51,2014,RB1,22.51,126.51,False
Jordy,Nelson,GNB,WR,23.48,2014,WR1,23.48,30.94,False
Arian,Foster,HOU,RB,24.23,2014,RB1,24.23,174.09,False
Doug,Martin,TAM,RB,24.61,2014,RB1,24.61,,False
Alshon,Jeffery,CHI,WR,26.74,2014,WR2,18.77,26.74,False
Antonio,Brown,PIT,WR,27.13,2014,WR1,27.13,142.67,False
LeVeon,Bell,PIT,RB,28.49,2014,RB1,28.49,63.03,True
Julius,Thomas,DEN,TE,29.46,2014,TE1,29.46,,False
Alfred,Morris,WAS,RB,29.74,2014,RB1,29.74,182.87,False
Randall,Cobb,GNB,WR,30.94,2014,WR2,23.48,30.94,False
Rob,Gronkowski,NWE,TE,32.22,2014,TE1,32.22,164.96,False
Zac,Stacy,STL,RB,32.75,2014,RB1,32.75,161.96,False
Andre,Ellington,ARI,RB,35.51,2014,RB1,35.51,,False
Keenan,Allen,SDG,WR,37.16,2014,WR1,37.16,182.17,False
Reggie,Bush,DET,RB,38.66,2014,RB1,38.66,72.81,True
Vincent,Jackson,TAM,WR,42.94,2014,WR1,42.94,107.11,True
Larry,Fitzgerald,ARI,WR,43.8,2014,WR1,43.8,60.01,True
CJ,Spiller,BUF,RB,45.03,2014,RB1,45.03,108.23,False
Victor,Cruz,NYG,WR,45.16,2014,WR1,45.16,122.47,False
Andre,Johnson,HOU,WR,45.48,2014,WR1,45.48,119.6,False
Pierre,Garcon,WAS,WR,46.13,2014,WR1,46.13,55.5,True
Cordarrelle,Patterson,MIN,WR,48.3,2014,WR1,48.3,147.87,False
Ryan,Mathews,SDG,RB,49.91,2014,RB1,49.91,118.05,False
Roddy,White,ATL,WR,50.41,2014,WR2,18.25,50.41,False
Percy,Harvin,NYJ,WR,52.8,2014,WR1,52.8,87.21,True
Michael,Crabtree,SFO,WR,53.42,2014,WR1,53.42,119.28,False
Frank,Gore,SFO,RB,54.66,2014,RB1,54.66,109.17,False
Vernon,Davis,SFO,TE,55.26,2014,TE1,55.26,,False
DeSean,Jackson,WAS,WR,55.5,2014,WR2,46.13,55.5,True
Shane,Vereen,NWE,RB,55.9,2014,RB1,55.9,95.72,True
Toby,Gerhart,JAX,RB,55.98,2014,RB1,55.98,,False
Rashad,Jennings,NYG,RB,58.59,2014,RB1,58.59,138.86,False
Michael,Floyd,ARI,WR,60.01,2014,WR2,43.8,60.01,True
TY,Hilton,IND,WR,60.24,2014,WR1,60.24,92.38,True
Ben,Tate,PIT,RB,63.03,2014,RB2,28.49,63.03,True
Chris,Johnson,NYJ,RB,63.37,2014,RB1,63.37,151.06,False
Jordan,Cameron,CLE,TE,63.47,2014,TE1,63.47,,False
Bishop,Sankey,TEN,RB,67.0,2014,RB1,67.0,154.63,False
Wes,Welker,DEN,WR,68.31,2014,WR2,10.46,68.31,False
Torrey,Smith,BAL,WR,68.35,2014,WR1,68.35,144.59,False
Julian,Edelman,NWE,WR,69.06,2014,WR1,69.06,138.61,False
Emmanuel,Sanders,DEN,WR,69.64,2014,WR3,10.46,68.31,False
Trent,Richardson,IND,RB,70.22,2014,RB1,70.22,161.32,False
Jeremy,Maclin,PHI,WR,70.98,2014,WR1,70.98,112.94,False
Jason,Witten,DAL,TE,71.02,2014,TE1,71.02,,False
Joique,Bell,DET,RB,72.81,2014,RB2,38.66,72.81,True
Marques,Colston,NOR,WR,77.69,2014,WR1,77.69,92.3,True
Mike,Wallace,MIA,WR,82.99,2014,WR1,82.99,161.57,False
Sammy,Watkins,BUF,WR,84.66,2014,WR1,84.66,186.73,False
Maurice,JonesDrew,OAK,RB,86.01,2014,RB1,86.01,131.69,False
Eric,Decker,NYJ,WR,87.21,2014,WR2,52.8,87.21,True
Kyle,Rudolph,MIN,TE,88.24,2014,TE1,88.24,,False
Jordan,Reed,WAS,TE,89.38,2014,TE1,89.38,,False
Pierre,Thomas,NOR,RB,91.74,2014,RB1,91.74,122.26,False
Golden,Tate,DET,WR,91.86,2014,WR2,6.54,91.86,False
Greg,Olsen,CAR,TE,92.19,2014,TE1,92.19,,False
Brandin,Cooks,NOR,WR,92.3,2014,WR2,77.69,92.3,True
Reggie,Wayne,IND,WR,92.38,2014,WR2,60.24,92.38,True
Kendall,Wright,TEN,WR,92.44,2014,WR1,92.44,127.13,False
Knowshon,Moreno,MIA,RB,94.31,2014,RB1,94.31,99.36,True
Steven,Jackson,ATL,RB,95.05,2014,RB1,95.05,124.68,False
Stevan,Ridley,NWE,RB,95.72,2014,RB2,55.9,95.72,True
Terrance,Williams,DAL,WR,97.56,2014,WR2,14.5,97.56,False
Dennis,Pitta,BAL,TE,99.13,2014,TE1,99.13,,False
Lamar,Miller,MIA,RB,99.36,2014,RB2,94.31,99.36,True
Darren,Sproles,PHI,RB,102.68,2014,RB2,2.44,102.68,False
Zach,Ertz,PHI,TE,103.44,2014,TE1,103.44,180.63,False
Mike,Evans,TAM,WR,107.11,2014,WR2,42.94,107.11,True
Kelvin,Benjamin,CAR,WR,107.31,2014,WR1,107.31,187.95,False
Fred,Jackson,BUF,RB,108.23,2014,RB2,45.03,108.23,False
Carlos,Hyde,SFO,RB,109.17,2014,RB2,54.66,109.17,False
Riley,Cooper,PHI,WR,112.94,2014,WR2,70.98,112.94,False
Dwayne,Bowe,KAN,WR,113.46,2014,WR1,113.46,,False
Martellus,Bennett,CHI,TE,117.94,2014,TE1,117.94,,False
Danny,Woodhead,SDG,RB,118.05,2014,RB2,49.91,118.05,False
Anquan,Boldin,SFO,WR,119.28,2014,WR2,53.42,119.28,False
DeAndre,Hopkins,HOU,WR,119.6,2014,WR2,45.48,119.6,False
Bernard,Pierce,BAL,RB,120.38,2014,RB1,120.38,,False
Mark,Ingram,NOR,RB,122.26,2014,RB2,91.74,122.26,False
Rueben,Randle,NYG,WR,122.47,2014,WR2,45.16,122.47,False
Devonta,Freeman,ATL,RB,124.68,2014,RB2,95.05,124.68,False
DeAngelo,Williams,CAR,RB,125.31,2014,RB1,125.31,154.9,False
Jeremy,Hill,CIN,RB,126.51,2014,RB2,22.51,126.51,False
Tavon,Austin,STL,WR,126.61,2014,WR1,126.61,166.28,False
Justin,Hunter,TEN,WR,127.13,2014,WR2,92.44,127.13,False
Ladarius,Green,SDG,TE,129.39,2014,TE1,129.39,134.76,False
Cecil,Shorts,JAX,WR,130.59,2014,WR1,130.59,162.44,False
Hakeem,Nicks,IND,WR,130.82,2014,WR3,60.24,92.38,True
Darren,McFadden,OAK,RB,131.69,2014,RB2,86.01,131.69,False
Antonio,Gates,SDG,TE,134.76,2014,TE2,129.39,134.76,False
Terrance,West,CLE,RB,136.35,2014,RB1,136.35,,False
Eric,Ebron,DET,TE,137.01,2014,TE1,137.01,,False
Charles,Clay,MIA,TE,137.09,2014,TE1,137.09,,False
Danny,Amendola,NWE,WR,138.61,2014,WR2,69.06,138.61,False
Andre,Williams,NYG,RB,138.86,2014,RB2,58.59,138.86,False
Markus,Wheaton,PIT,WR,142.67,2014,WR2,27.13,142.67,False
Jordan,Matthews,PHI,WR,142.77,2014,WR3,70.98,112.94,False
Heath,Miller,PIT,TE,143.56,2014,TE1,143.56,,False
Christine,Michael,SEA,RB,144.18,2014,RB2,11.52,144.18,False
Kenny,Stills,NOR,WR,144.52,2014,WR3,77.69,92.3,True
Steve,Smith,BAL,WR,144.59,2014,WR2,68.35,144.59,False
Khiry,Robinson,NOR,RB,144.87,2014,RB3,91.74,122.26,False
Greg,Jennings,MIN,WR,147.87,2014,WR2,48.3,147.87,False
LeGarrette,Blount,NWE,RB,150.44,2014,RB3,55.9,95.72,True
Jarrett,Boykin,GNB,WR,151.01,2014,WR3,23.48,30.94,False
Chris,Ivory,NYJ,RB,151.06,2014,RB2,63.37,151.06,False
Tyler,Eifert,CIN,TE,153.9,2014,TE1,153.9,,False
Shonn,Greene,TEN,RB,154.63,2014,RB2,67.0,154.63,False
Jonathan,Stewart,CAR,RB,154.9,2014,RB2,125.31,154.9,False
Marvin,Jones,CIN,WR,156.99,2014,WR2,15.02,156.99,False
James,Jones,OAK,WR,157.46,2014,WR1,157.46,184.38,False
Knile,Davis,KAN,RB,157.55,2014,RB2,3.4,157.55,False
Dwayne,Allen,IND,TE,158.03,2014,TE1,158.03,163.83,False
Aaron,Dobson,NWE,WR,159.77,2014,WR3,69.06,138.61,False
Delanie,Walker,TEN,TE,161.13,2014,TE1,161.13,,False
Ahmad,Bradshaw,IND,RB,161.32,2014,RB2,70.22,161.32,False
Travis,Kelce,KAN,TE,161.52,2014,TE1,161.52,,False
Brian,Hartline,MIA,WR,161.57,2014,WR2,82.99,161.57,False
Tre,Mason,STL,RB,161.96,2014,RB2,32.75,161.96,False
Marqise,Lee,JAX,WR,162.44,2014,WR2,130.59,162.44,False
Doug,Baldwin,SEA,WR,163.4,2014,WR1,163.4,,False
Coby,Fleener,IND,TE,163.83,2014,TE2,158.03,163.83,False
Tim,Wright,NWE,TE,164.96,2014,TE2,32.22,164.96,False
Miles,Austin,CLE,WR,165.9,2014,WR1,165.9,180.03,False
Kenny,Britt,STL,WR,166.28,2014,WR2,126.61,166.28,False
James,Starks,GNB,RB,167.59,2014,RB2,8.46,167.59,False
Ronnie,Hillman,DEN,RB,172.39,2014,RB2,17.07,172.39,False
Odell,Beckham,NYG,WR,172.92,2014,WR3,45.16,122.47,False
James,White,NWE,RB,172.93,2014,RB4,55.9,95.72,True
Jonathan,Grimes,HOU,RB,174.09,2014,RB2,24.23,174.09,False
Lance,Dunbar,DAL,RB,174.38,2014,RB2,18.28,174.38,False
Cody,Latimer,DEN,WR,175.46,2014,WR4,10.46,68.31,False
Donald,Brown,SDG,RB,176.49,2014,RB3,49.91,118.05,False
Jared,Cook,STL,TE,178.82,2014,TE1,178.82,,False
Richard,Rodgers,GNB,TE,179.44,2014,TE1,179.44,182.52,False
Benny,Cunningham,STL,RB,179.75,2014,RB3,32.75,161.96,False
Andrew,Hawkins,CLE,WR,180.03,2014,WR2,165.9,180.03,False
Brent,Celek,PHI,TE,180.63,2014,TE2,103.44,180.63,False
Austin,SeferianJenkins,TAM,TE,181.32,2014,TE1,181.32,,False
Malcom,Floyd,SDG,WR,182.17,2014,WR2,37.16,182.17,False
Andrew,Quarless,GNB,TE,182.52,2014,TE2,179.44,182.52,False
Garrett,Graham,HOU,TE,182.64,2014,TE1,182.64,,False
Roy,Helu,WAS,RB,182.87,2014,RB2,29.74,182.87,False
Stevie,Johnson,SFO,WR,183.82,2014,WR3,53.42,119.28,False
Rod,Streater,OAK,WR,184.38,2014,WR2,157.46,184.38,False
Brandon,LaFell,NWE,WR,184.39,2014,WR4,69.06,138.61,False
Mohamed,Sanu,CIN,WR,186.12,2014,WR3,15.02,156.99,False
Robert,Woods,BUF,WR,186.73,2014,WR2,84.66,186.73,False
Kenbrell,Thompkins,OAK,WR,187.33,2014,WR3,157.46,184.38,False
Jerricho,Cotchery,CAR,WR,187.95,2014,WR2,107.31,187.95,False
CJ,Anderson,DEN,RB,188.03,2014,RB3,17.07,172.39,False
Jacquizz,Rodgers,ATL,RB,188.75,2014,RB3,95.05,124.68,False
Dexter,McCluster,TEN,RB,190.24,2014,RB3,67.0,154.63,False
Bryce,Brown,BUF,RB,190.58,2014,RB3,45.03,108.23,False
Davante,Adams,GNB,WR,191.03,2014,WR4,23.48,30.94,False
Jace,Amaro,NYJ,TE,191.43,2014,TE1,191.43,,False
KaDeem,Carey,CHI,RB,191.44,2014,RB2,6.9,191.44,False
Dri,Archer,PIT,RB,193.76,2014,RB3,28.49,63.03,True
Jerick,McKinnon,MIN,RB,194.06,2014,RB1,194.06,,False
Denarius,Moore,OAK,WR,195.23,2014,WR4,157.46,184.38,False
Robert,Turbin,SEA,RB,195.28,2014,RB3,11.52,144.18,False
Harry,Douglas,ATL,WR,196.29,2014,WR3,18.25,50.41,False
John,Brown,ARI,WR,200.74,2014,WR3,43.8,60.01,True
Alfred,Blue,HOU,RB,206.53,2014,RB3,24.23,174.09,False
Allen,Robinson,JAX,WR,207.75,2014,WR3,130.59,162.44,False
Levine,Toilolo,ATL,TE,210.57,2014,TE1,210.57,,False
Marcedes,Lewis,JAX,TE,210.86,2014,TE1,210.86,,False
Adrian,Peterson,MIN,RB,5.53,2015,RB1,5.53,181.75,False
LeVeon,Bell,PIT,RB,5.62,2015,RB1,5.62,141.09,False
Antonio,Brown,PIT,WR,6.75,2015,WR1,6.75,67.79,False
Eddie,Lacy,GNB,RB,6.92,2015,RB1,6.92,170.67,False
Odell,Beckham,NYG,WR,8.39,2015,WR1,8.39,94.58,False
Jamaal,Charles,KAN,RB,8.63,2015,RB1,8.63,125.15,False
Marshawn,Lynch,SEA,RB,10.9,2015,RB1,10.9,167.44,False
Dez,Bryant,DAL,WR,12.74,2015,WR1,12.74,131.11,False
Demaryius,Thomas,DEN,WR,13.46,2015,WR1,13.46,37.27,False
Julio,Jones,ATL,WR,14.01,2015,WR1,14.01,98.92,False
Rob,Gronkowski,NWE,TE,15.89,2015,TE1,15.89,196.33,False
Calvin,Johnson,DET,WR,17.45,2015,WR1,17.45,50.9,False
DeMarco,Murray,PHI,RB,17.51,2015,RB1,17.51,109.68,False
CJ,Anderson,DEN,RB,17.57,2015,RB1,17.57,151.04,False
Matt,Forte,CHI,RB,19.12,2015,RB1,19.12,169.79,False
AJ,Green,CIN,WR,20.41,2015,WR1,20.41,166.25,False
Jeremy,Hill,CIN,RB,20.46,2015,RB1,20.46,81.06,False
Randall,Cobb,GNB,WR,21.72,2015,WR1,21.72,66.63,False
LeSean,McCoy,BUF,RB,22.8,2015,RB1,22.8,255.41,False
TY,Hilton,IND,WR,24.76,2015,WR1,24.76,51.9,True
Alshon,Jeffery,CHI,WR,29.5,2015,WR1,29.5,146.51,False
Jimmy,Graham,SEA,TE,30.85,2015,TE1,30.85,,False
Justin,Forsett,BAL,RB,31.56,2015,RB1,31.56,178.93,False
Mike,Evans,TAM,WR,31.95,2015,WR1,31.95,82.23,True
Lamar,Miller,MIA,RB,32.82,2015,RB1,32.82,174.8,False
Brandin,Cooks,NOR,WR,33.28,2015,WR1,33.28,125.8,False
DeAndre,Hopkins,HOU,WR,35.4,2015,WR1,35.4,170.88,False
Mark,Ingram,NOR,RB,35.65,2015,RB1,35.65,76.52,True
Melvin,Gordon,SDG,RB,36.72,2015,RB1,36.72,140.25,False
Emmanuel,Sanders,DEN,WR,37.27,2015,WR2,13.46,37.27,False
Frank,Gore,IND,RB,38.89,2015,RB1,38.89,194.0,False
Jordan,Matthews,PHI,WR,40.36,2015,WR1,40.36,76.35,True
Carlos,Hyde,SFO,RB,43.27,2015,RB1,43.27,146.66,False
Alfred,Morris,WAS,RB,43.28,2015,RB1,43.28,156.72,False
Latavius,Murray,OAK,RB,44.47,2015,RB1,44.47,176.4,False
Amari,Cooper,OAK,WR,45.54,2015,WR1,45.54,154.88,False
Todd,Gurley,STL,RB,48.41,2015,RB1,48.41,107.57,True
Golden,Tate,DET,WR,50.9,2015,WR2,17.45,50.9,False
Keenan,Allen,SDG,WR,50.91,2015,WR1,50.91,153.39,False
Andre,Johnson,IND,WR,51.9,2015,WR2,24.76,51.9,True
Julian,Edelman,NWE,WR,54.37,2015,WR1,54.37,128.27,False
Greg,Olsen,CAR,TE,55.26,2015,TE1,55.26,,False
Ameer,Abdullah,DET,RB,56.13,2015,RB1,56.13,90.28,True
Sammy,Watkins,BUF,WR,57.31,2015,WR1,57.31,154.46,False
Jonathan,Stewart,CAR,RB,59.31,2015,RB1,59.31,184.23,False
Travis,Kelce,KAN,TE,59.7,2015,TE1,59.7,,False
Jeremy,Maclin,KAN,WR,60.32,2015,WR1,60.32,247.38,False
Brandon,Marshall,NYJ,WR,60.65,2015,WR1,60.65,112.65,False
Andre,Ellington,ARI,RB,61.76,2015,RB1,61.76,142.99,False
TJ,Yeldon,JAX,RB,63.38,2015,RB1,63.38,161.9,False
DeSean,Jackson,WAS,WR,65.21,2015,WR1,65.21,139.99,False
Doug,Martin,TAM,RB,65.77,2015,RB1,65.77,158.11,False
Jarvis,Landry,MIA,WR,65.82,2015,WR1,65.82,123.74,False
Davante,Adams,GNB,WR,66.63,2015,WR2,21.72,66.63,False
Martavis,Bryant,PIT,WR,67.79,2015,WR2,6.75,67.79,False
Arian,Foster,HOU,RB,69.74,2015,RB1,69.74,101.97,True
LeGarrette,Blount,NWE,RB,73.99,2015,RB1,73.99,200.06,False
Nelson,Agholor,PHI,WR,76.35,2015,WR2,40.36,76.35,True
Chris,Ivory,NYJ,RB,76.4,2015,RB1,76.4,227.75,False
CJ,Spiller,NOR,RB,76.52,2015,RB2,35.65,76.52,True
Martellus,Bennett,CHI,TE,78.72,2015,TE1,78.72,,False
Allen,Robinson,JAX,WR,80.3,2015,WR1,80.3,163.03,False
Giovani,Bernard,CIN,RB,81.06,2015,RB2,20.46,81.06,False
Vincent,Jackson,TAM,WR,82.23,2015,WR2,31.95,82.23,True
Mike,Wallace,MIN,WR,85.29,2015,WR1,85.29,95.01,True
Larry,Fitzgerald,ARI,WR,86.49,2015,WR1,86.49,103.28,True
Julius,Thomas,JAX,TE,86.86,2015,TE1,86.86,,False
Jason,Witten,DAL,TE,87.56,2015,TE1,87.56,,False
Joique,Bell,DET,RB,90.28,2015,RB2,56.13,90.28,True
Rashad,Jennings,NYG,RB,90.98,2015,RB1,90.98,113.86,False
Tevin,Coleman,ATL,RB,92.46,2015,RB1,92.46,104.3,True
Victor,Cruz,NYG,WR,94.58,2015,WR2,8.39,94.58,False
Charles,Johnson,MIN,WR,95.01,2015,WR2,85.29,95.01,True
Isaiah,Crowell,CLE,RB,95.13,2015,RB1,95.13,120.64,False
Roddy,White,ATL,WR,98.92,2015,WR2,14.01,98.92,False
Jordan,Cameron,MIA,TE,99.12,2015,TE1,99.12,,False
Alfred,Blue,HOU,RB,101.97,2015,RB2,69.74,101.97,True
Steve,Smith,BAL,WR,103.24,2015,WR1,103.24,135.71,False
John,Brown,ARI,WR,103.28,2015,WR2,86.49,103.28,True
Torrey,Smith,SFO,WR,104.08,2015,WR1,104.08,123.48,False
Devonta,Freeman,ATL,RB,104.3,2015,RB2,92.46,104.3,True
Michael,Floyd,ARI,WR,106.86,2015,WR3,86.49,103.28,True
Tre,Mason,STL,RB,107.57,2015,RB2,48.41,107.57,True
Zach,Ertz,PHI,TE,107.95,2015,TE1,107.95,348.78,False
Darren,McFadden,DAL,RB,108.6,2015,RB1,108.6,224.94,False
Ryan,Mathews,PHI,RB,109.68,2015,RB2,17.51,109.68,False
Eric,Decker,NYJ,WR,112.65,2015,WR2,60.65,112.65,False
Shane,Vereen,NYG,RB,113.86,2015,RB2,90.98,113.86,False
Tyler,Eifert,CIN,TE,114.05,2015,TE1,114.05,,False
Bishop,Sankey,TEN,RB,115.47,2015,RB1,115.47,133.65,False
Delanie,Walker,TEN,TE,115.89,2015,TE1,115.89,,False
Devin,Funchess,CAR,WR,118.09,2015,WR1,118.09,,False
Dwayne,Allen,IND,TE,120.14,2015,TE1,120.14,154.66,False
Duke,Johnson,CLE,RB,120.64,2015,RB2,95.13,120.64,False
Antonio,Gates,SDG,TE,121.01,2015,TE1,121.01,176.62,False
Owen,Daniels,DEN,TE,122.74,2015,TE1,122.74,143.63,False
Anquan,Boldin,SFO,WR,123.48,2015,WR2,104.08,123.48,False
DeVante,Parker,MIA,WR,123.74,2015,WR2,65.82,123.74,False
Charcandrick,West,KAN,RB,125.15,2015,RB2,8.63,125.15,False
Marques,Colston,NOR,WR,125.8,2015,WR2,33.28,125.8,False
Brandon,LaFell,NWE,WR,128.27,2015,WR2,54.37,128.27,False
Terrance,Williams,DAL,WR,131.11,2015,WR2,12.74,131.11,False
Kendall,Wright,TEN,WR,131.65,2015,WR1,131.65,144.79,False
Gary,Barnidge,CLE,TE,132.54,2015,TE1,132.54,,False
David,Cobb,TEN,RB,133.65,2015,RB2,115.47,133.65,False
Darren,Sproles,PHI,RB,134.32,2015,RB3,17.51,109.68,False
Breshad,Perriman,BAL,WR,135.71,2015,WR2,103.24,135.71,False
Markus,Wheaton,PIT,WR,136.33,2015,WR3,6.75,67.79,False
Josh,Hill,NOR,TE,138.51,2015,TE1,138.51,172.62,False
Kyle,Rudolph,MIN,TE,139.2,2015,TE1,139.2,,False
Pierre,Garcon,WAS,WR,139.99,2015,WR2,65.21,139.99,False
Danny,Woodhead,SDG,RB,140.25,2015,RB2,36.72,140.25,False
Knile,Davis,KAN,RB,140.49,2015,RB3,8.63,125.15,False
DeAngelo,Williams,PIT,RB,141.09,2015,RB2,5.62,141.09,False
David,Johnson,ARI,RB,142.99,2015,RB2,61.76,142.99,False
Vernon,Davis,DEN,TE,143.63,2015,TE2,122.74,143.63,False
Dorial,GreenBeckham,TEN,WR,144.79,2015,WR2,131.65,144.79,False
Tyler,Lockett,SEA,WR,145.04,2015,WR1,145.04,156.62,False
Eddie,Royal,CHI,WR,146.51,2015,WR2,29.5,146.51,False
Reggie,Bush,SFO,RB,146.66,2015,RB2,43.27,146.66,False
Brian,Quick,STL,WR,148.43,2015,WR1,148.43,177.53,False
Ronnie,Hillman,DEN,RB,151.04,2015,RB2,17.57,151.04,False
James,Jones,GNB,WR,151.35,2015,WR3,21.72,66.63,False
Jesse,James,PIT,TE,153.25,2015,TE1,153.25,168.74,False
Stevie,Johnson,SDG,WR,153.39,2015,WR2,50.91,153.39,False
Austin,SeferianJenkins,TAM,TE,153.95,2015,TE1,153.95,,False
Percy,Harvin,BUF,WR,154.46,2015,WR2,57.31,154.46,False
Phillip,Dorsett,IND,WR,154.54,2015,WR3,24.76,51.9,True
Coby,Fleener,IND,TE,154.66,2015,TE2,120.14,154.66,False
Michael,Crabtree,OAK,WR,154.88,2015,WR2,45.54,154.88,False
Andre,Williams,NYG,RB,155.45,2015,RB3,90.98,113.86,False
Doug,Baldwin,SEA,WR,156.62,2015,WR2,145.04,156.62,False
Matt,Jones,WAS,RB,156.72,2015,RB2,43.28,156.72,False
Ty,Montgomery,GNB,WR,157.5,2015,WR4,21.72,66.63,False
Chris,Johnson,ARI,RB,157.79,2015,RB3,61.76,142.99,False
Charles,Sims,TAM,RB,158.11,2015,RB2,65.77,158.11,False
Kenny,Stills,MIA,WR,158.48,2015,WR3,65.82,123.74,False
Charles,Clay,BUF,TE,159.58,2015,TE1,159.58,,False
Donte,Moncrief,IND,WR,159.77,2015,WR4,24.76,51.9,True
Eric,Ebron,DET,TE,160.79,2015,TE1,160.79,,False
Richard,Rodgers,GNB,TE,161.23,2015,TE1,161.23,,False
Jonas,Gray,JAX,RB,161.9,2015,RB2,63.38,161.9,False
Allen,Hurns,JAX,WR,163.03,2015,WR2,80.3,163.03,False
Marvin,Jones,CIN,WR,166.25,2015,WR2,20.41,166.25,False
Fred,Jackson,SEA,RB,167.44,2015,RB2,10.9,167.44,False
Larry,Donnell,NYG,TE,168.12,2015,TE1,168.12,,False
Heath,Miller,PIT,TE,168.74,2015,TE2,153.25,168.74,False
Cody,Latimer,DEN,WR,168.94,2015,WR3,13.46,37.27,False
Maxx,Williams,BAL,TE,169.69,2015,TE1,169.69,,False
Jeremy,Langford,CHI,RB,169.79,2015,RB2,19.12,169.79,False
James,Starks,GNB,RB,170.67,2015,RB2,6.92,170.67,False
Jaelen,Strong,HOU,WR,170.88,2015,WR2,35.4,170.88,False
Ben,Watson,NOR,TE,172.62,2015,TE2,138.51,172.62,False
Jordan,Reed,WAS,TE,172.72,2015,TE1,172.72,,False
Brandon,Coleman,NOR,WR,174.69,2015,WR3,33.28,125.8,False
Jay,Ajayi,MIA,RB,174.8,2015,RB2,32.82,174.8,False
Denard,Robinson,JAX,RB,174.92,2015,RB3,63.38,161.9,False
Cordarrelle,Patterson,MIN,WR,175.5,2015,WR3,85.29,95.01,True
Rueben,Randle,NYG,WR,175.67,2015,WR3,8.39,94.58,False
Roy,Helu,OAK,RB,176.4,2015,RB2,44.47,176.4,False
Ladarius,Green,SDG,TE,176.62,2015,TE2,121.01,176.62,False
Tavon,Austin,STL,WR,177.53,2015,WR2,148.43,177.53,False
Javorius,Allen,BAL,RB,178.93,2015,RB2,31.56,178.93,False
Travis,Benjamin,CLE,WR,179.55,2015,WR1,179.55,192.08,False
Malcom,Floyd,SDG,WR,181.03,2015,WR3,50.91,153.39,False
Danny,Amendola,NWE,WR,181.27,2015,WR3,54.37,128.27,False
Jerick,McKinnon,MIN,RB,181.75,2015,RB2,5.53,181.75,False
Cameron,ArtisPayne,CAR,RB,184.23,2015,RB2,59.31,184.23,False
Terrance,West,BAL,RB,184.24,2015,RB3,31.56,178.93,False
Kenny,Britt,STL,WR,186.58,2015,WR3,148.43,177.53,False
Kamar,Aiken,BAL,WR,191.77,2015,WR3,103.24,135.71,False
Dwayne,Bowe,CLE,WR,192.08,2015,WR2,179.55,192.08,False
Christine,Michael,SEA,RB,193.29,2015,RB3,10.9,167.44,False
Dan,Herron,IND,RB,194.0,2015,RB2,38.89,194.0,False
Jared,Cook,STL,TE,195.3,2015,TE1,195.3,,False
Scott,Chandler,NWE,TE,196.33,2015,TE2,15.89,196.33,False
Mohamed,Sanu,CIN,WR,196.44,2015,WR3,20.41,166.25,False
Cecil,Shorts,HOU,WR,199.96,2015,WR3,35.4,170.88,False
Cole,Beasley,DAL,WR,200.0,2015,WR3,12.74,131.11,False
James,White,NWE,RB,200.06,2015,RB2,73.99,200.06,False
Clive,Walford,OAK,TE,200.23,2015,TE1,200.23,323.5,False
Zach,Zenner,DET,RB,200.62,2015,RB3,56.13,90.28,True
Virgil,Green,DEN,TE,201.0,2015,TE3,122.74,143.63,False
Stefon,Diggs,MIN,WR,201.89,2015,WR4,85.29,95.01,True
Khiry,Robinson,NOR,RB,203.74,2015,RB3,35.65,76.52,True
Jeff,Janis,GNB,WR,206.66,2015,WR5,21.72,66.63,False
Lorenzo,Taliaferro,BAL,RB,210.5,2015,RB4,31.56,178.93,False
Sammie,Coates,PIT,WR,210.5,2015,WR4,6.75,67.79,False
Dion,Lewis,NWE,RB,211.44,2015,RB3,73.99,200.06,False
Branden,Oliver,SDG,RB,214.0,2015,RB3,36.72,140.25,False
Chris,Polk,HOU,RB,220.1,2015,RB3,69.74,101.97,True
Stedman,Bailey,STL,WR,221.13,2015,WR4,148.43,177.53,False
Mike,Davis,SFO,RB,221.22,2015,RB3,43.27,146.66,False
Lance,Dunbar,DAL,RB,224.94,2015,RB2,108.6,224.94,False
Stevan,Ridley,NYJ,RB,227.75,2015,RB2,76.4,227.75,False
Justin,Hardy,ATL,WR,230.94,2015,WR3,14.01,98.92,False
Matt,Asiata,MIN,RB,231.13,2015,RB3,5.53,181.75,False
Jermaine,Kearse,SEA,WR,241.2,2015,WR3,145.04,156.62,False
Chris,Conley,KAN,WR,247.38,2015,WR2,60.32,247.38,False
Leonard,Hankerson,BUF,WR,247.92,2015,WR3,57.31,154.46,False
Jace,Amaro,NYJ,TE,250.85,2015,TE1,250.85,,False
Devin,Smith,NYJ,WR,254.0,2015,WR3,60.65,112.65,False
Robert,Turbin,DAL,RB,255.0,2015,RB3,108.6,224.94,False
Karlos,Williams,BUF,RB,255.41,2015,RB2,22.8,255.41,False
Justin,Hunter,TEN,WR,256.44,2015,WR3,131.65,144.79,False
Jarryd,Hayne,SFO,RB,265.0,2015,RB4,43.27,146.66,False
Damien,Williams,MIA,RB,273.0,2015,RB3,32.82,174.8,False
Marqise,Lee,JAX,WR,281.23,2015,WR3,80.3,163.03,False
Marquess,Wilson,CHI,WR,283.9,2015,WR3,29.5,146.51,False
KaDeem,Carey,CHI,RB,284.25,2015,RB3,19.12,169.79,False
Robert,Woods,BUF,WR,312.6,2015,WR4,57.31,154.46,False
Theo,Riddick,DET,RB,317.22,2015,RB4,56.13,90.28,True
Mychal,Rivera,OAK,TE,323.5,2015,TE2,200.23,323.5,False
Josh,Huff,PHI,WR,335.5,2015,WR3,40.36,76.35,True
Brent,Celek,PHI,TE,348.78,2015,TE2,107.95,348.78,False
Antonio,Brown,PIT,WR,1.81,2016,WR1,1.81,129.11,False
Odell,Beckham,NYG,WR,4.01,2016,WR1,4.01,102.76,False
Todd,Gurley,LAR,RB,4.16,2016,RB1,4.16,188.36,False
Julio,Jones,ATL,WR,5.83,2016,WR1,5.83,154.18,False
Adrian,Peterson,MIN,RB,6.42,2016,RB1,6.42,158.09,False
David,Johnson,ARI,RB,6.46,2016,RB1,6.46,165.76,False
Ezekiel,Elliott,DAL,RB,7.27,2016,RB1,7.27,144.8,False
DeAndre,Hopkins,HOU,WR,10.89,2016,WR1,10.89,154.56,False
AJ,Green,CIN,WR,11.54,2016,WR1,11.54,154.05,False
LeVeon,Bell,PIT,RB,12.77,2016,RB1,12.77,82.15,False
Lamar,Miller,HOU,RB,13.18,2016,RB1,13.18,189.43,False
Devonta,Freeman,ATL,RB,16.41,2016,RB1,16.41,133.9,False
Dez,Bryant,DAL,WR,16.92,2016,WR1,16.92,177.71,False
Allen,Robinson,JAX,WR,16.94,2016,WR1,16.94,79.86,False
Jamaal,Charles,KAN,RB,17.85,2016,RB1,17.85,142.68,False
Eddie,Lacy,GNB,RB,20.58,2016,RB1,20.58,127.78,False
Jordy,Nelson,GNB,WR,22.36,2016,WR1,22.36,42.09,False
Brandon,Marshall,NYJ,WR,23.26,2016,WR1,23.26,62.66,False
Mike,Evans,TAM,WR,25.08,2016,WR1,25.08,131.6,False
Mark,Ingram,NOR,RB,25.44,2016,RB1,25.44,188.48,False
Amari,Cooper,OAK,WR,25.65,2016,WR1,25.65,98.49,True
LeSean,McCoy,BUF,RB,26.32,2016,RB1,26.32,209.86,False
Keenan,Allen,SDG,WR,29.01,2016,WR1,29.01,133.14,False
Alshon,Jeffery,CHI,WR,30.92,2016,WR1,30.92,106.03,True
Brandin,Cooks,NOR,WR,32.62,2016,WR1,32.62,119.13,False
TY,Hilton,IND,WR,32.99,2016,WR1,32.99,58.7,True
CJ,Anderson,DEN,RB,34.31,2016,RB1,34.31,103.73,True
Thomas,Rawls,SEA,RB,35.96,2016,RB1,35.96,164.18,False
Sammy,Watkins,BUF,WR,36.05,2016,WR1,36.05,206.54,False
Demaryius,Thomas,DEN,WR,39.31,2016,WR1,39.31,81.54,True
Latavius,Murray,OAK,RB,40.32,2016,RB1,40.32,146.16,False
Randall,Cobb,GNB,WR,42.09,2016,WR2,22.36,42.09,False
Jordan,Reed,WAS,TE,42.15,2016,TE1,42.15,,False
Matt,Forte,NYJ,RB,42.55,2016,RB1,42.55,142.48,False
Carlos,Hyde,SFO,RB,43.08,2016,RB1,43.08,200.49,False
DeMarco,Murray,TEN,RB,43.72,2016,RB1,43.72,92.16,True
Kelvin,Benjamin,CAR,WR,45.99,2016,WR1,45.99,125.37,False
Jarvis,Landry,MIA,WR,46.86,2016,WR1,46.86,90.88,True
Jeremy,Hill,CIN,RB,48.06,2016,RB1,48.06,78.69,True
Greg,Olsen,CAR,TE,48.29,2016,TE1,48.29,,False
Doug,Baldwin,SEA,WR,52.21,2016,WR1,52.21,83.7,True
Julian,Edelman,NWE,WR,52.45,2016,WR1,52.45,62.45,True
Jeremy,Langford,CHI,RB,54.83,2016,RB1,54.83,172.03,False
Jeremy,Maclin,KAN,WR,55.14,2016,WR1,55.14,,False
Jonathan,Stewart,CAR,RB,56.59,2016,RB1,56.59,188.46,False
Donte,Moncrief,IND,WR,58.7,2016,WR2,32.99,58.7,True
Golden,Tate,DET,WR,59.32,2016,WR1,59.32,89.98,True
Michael,Floyd,NWE,WR,62.45,2016,WR2,52.45,62.45,True
Eric,Decker,NYJ,WR,62.66,2016,WR2,23.26,62.66,False
Travis,Kelce,KAN,TE,63.62,2016,TE1,63.62,,False
Ryan,Mathews,PHI,RB,64.72,2016,RB1,64.72,143.6,False
Melvin,Gordon,SDG,RB,64.93,2016,RB1,64.93,91.12,True
Larry,Fitzgerald,ARI,WR,69.1,2016,WR1,69.1,87.34,True
Matt,Jones,WAS,RB,71.48,2016,RB1,71.48,196.48,False
Delanie,Walker,TEN,TE,74.53,2016,TE1,74.53,,False
Coby,Fleener,NOR,TE,78.6,2016,TE1,78.6,,False
Giovani,Bernard,CIN,RB,78.69,2016,RB2,48.06,78.69,True
Duke,Johnson,CLE,RB,79.09,2016,RB1,79.09,115.87,False
Jordan,Matthews,PHI,WR,79.13,2016,WR1,79.13,160.26,False
Allen,Hurns,JAX,WR,79.86,2016,WR2,16.94,79.86,False
Frank,Gore,IND,RB,80.93,2016,RB1,80.93,197.86,False
Emmanuel,Sanders,DEN,WR,81.54,2016,WR2,39.31,81.54,True
DeAngelo,Williams,PIT,RB,82.15,2016,RB2,12.77,82.15,False
Tyler,Lockett,SEA,WR,83.7,2016,WR2,52.21,83.7,True
Ameer,Abdullah,DET,RB,86.66,2016,RB1,86.66,137.33,False
John,Brown,ARI,WR,87.34,2016,WR2,69.1,87.34,True
DeSean,Jackson,WAS,WR,89.34,2016,WR1,89.34,170.35,False
Marvin,Jones,DET,WR,89.98,2016,WR2,59.32,89.98,True
DeVante,Parker,MIA,WR,90.88,2016,WR2,46.86,90.88,True
Danny,Woodhead,SDG,RB,91.12,2016,RB2,64.93,91.12,True
Tyler,Eifert,CIN,TE,91.35,2016,TE1,91.35,,False
Rashad,Jennings,NYG,RB,91.4,2016,RB1,91.4,174.11,False
Derrick,Henry,TEN,RB,92.16,2016,RB2,43.72,92.16,True
Gary,Barnidge,CLE,TE,94.33,2016,TE1,94.33,,False
Chris,Ivory,JAX,RB,97.01,2016,RB1,97.01,97.06,True
TJ,Yeldon,JAX,RB,97.06,2016,RB2,97.01,97.06,True
Michael,Crabtree,OAK,WR,98.49,2016,WR2,25.65,98.49,True
Julius,Thomas,JAX,TE,98.67,2016,TE1,98.67,,False
Sterling,Shepard,NYG,WR,102.76,2016,WR2,4.01,102.76,False
Justin,Forsett,DEN,RB,103.73,2016,RB2,34.31,103.73,True
Zach,Ertz,PHI,TE,103.88,2016,TE1,103.88,,False
Dion,Lewis,NWE,RB,104.48,2016,RB1,104.48,106.06,True
Kevin,White,CHI,WR,106.03,2016,WR2,30.92,106.03,True
LeGarrette,Blount,NWE,RB,106.06,2016,RB2,104.48,106.06,True
Jay,Ajayi,MIA,RB,109.63,2016,RB1,109.63,,False
Antonio,Gates,SDG,TE,110.16,2016,TE1,110.16,178.0,False
Stefon,Diggs,MIN,WR,111.1,2016,WR1,111.1,136.76,False
Jimmy,Graham,SEA,TE,111.17,2016,TE1,111.17,,False
Tavon,Austin,LAR,WR,115.8,2016,WR1,115.8,202.86,False
Isaiah,Crowell,CLE,RB,115.87,2016,RB2,79.09,115.87,False
Willie,Snead,NOR,WR,119.13,2016,WR2,32.62,119.13,False
Charles,Sims,TAM,RB,122.73,2016,RB1,122.73,,False
Corey,Coleman,CLE,WR,122.78,2016,WR1,122.78,174.23,False
Martellus,Bennett,NWE,TE,123.2,2016,TE1,123.2,,False
Devin,Funchess,CAR,WR,125.37,2016,WR2,45.99,125.37,False
Dwayne,Allen,IND,TE,126.17,2016,TE1,126.17,,False
Christine,Michael,GNB,RB,127.78,2016,RB2,20.58,127.78,False
Markus,Wheaton,PIT,WR,129.11,2016,WR2,1.81,129.11,False
Jason,Witten,DAL,TE,131.07,2016,TE1,131.07,,False
Vincent,Jackson,TAM,WR,131.6,2016,WR2,25.08,131.6,False
Michael,Thomas,NOR,WR,132.55,2016,WR3,32.62,119.13,False
Torrey,Smith,SFO,WR,132.92,2016,WR1,132.92,189.07,False
Travis,Benjamin,SDG,WR,133.14,2016,WR2,29.01,133.14,False
Tevin,Coleman,ATL,RB,133.9,2016,RB2,16.41,133.9,False
Laquon,Treadwell,MIN,WR,136.76,2016,WR2,111.1,136.76,False
Theo,Riddick,DET,RB,137.33,2016,RB2,86.66,137.33,False
Jared,Cook,GNB,TE,137.93,2016,TE1,137.93,175.35,False
Devontae,Booker,DEN,RB,141.8,2016,RB3,34.31,103.73,True
Bilal,Powell,NYJ,RB,142.48,2016,RB2,42.55,142.48,False
Spencer,Ware,KAN,RB,142.68,2016,RB2,17.85,142.68,False
Darren,Sproles,PHI,RB,143.6,2016,RB2,64.72,143.6,False
James,White,NWE,RB,144.61,2016,RB3,104.48,106.06,True
Alfred,Morris,DAL,RB,144.8,2016,RB2,7.27,144.8,False
Kamar,Aiken,BAL,WR,145.4,2016,WR1,145.4,163.66,False
DeAndre,Washington,OAK,RB,146.16,2016,RB2,40.32,146.16,False
Ladarius,Green,PIT,TE,147.73,2016,TE1,147.73,196.42,False
Zach,Miller,CHI,TE,149.54,2016,TE1,149.54,,False
Eric,Ebron,DET,TE,149.79,2016,TE1,149.79,,False
James,Starks,GNB,RB,151.57,2016,RB3,20.58,127.78,False
Tyler,Boyd,CIN,WR,154.05,2016,WR2,11.54,154.05,False
Mohamed,Sanu,ATL,WR,154.18,2016,WR2,5.83,154.18,False
Tajae,Sharpe,TEN,WR,154.25,2016,WR1,154.25,158.15,False
Will,Fuller,HOU,WR,154.56,2016,WR2,10.89,154.56,False
Jerick,McKinnon,MIN,RB,158.09,2016,RB2,6.42,158.09,False
Rishard,Matthews,TEN,WR,158.15,2016,WR2,154.25,158.15,False
Sammie,Coates,PIT,WR,158.84,2016,WR3,1.81,129.11,False
Phillip,Dorsett,IND,WR,160.16,2016,WR3,32.99,58.7,True
Dorial,GreenBeckham,PHI,WR,160.26,2016,WR2,79.13,160.26,False
Ted,Ginn Jr,CAR,WR,160.77,2016,WR3,45.99,125.37,False
Victor,Cruz,NYG,WR,161.39,2016,WR3,4.01,102.76,False
Mike,Wallace,BAL,WR,163.66,2016,WR2,145.4,163.66,False
Kenneth,Dixon,BAL,RB,163.7,2016,RB1,163.7,175.08,False
CJ,Prosise,SEA,RB,164.18,2016,RB2,35.96,164.18,False
Kyle,Rudolph,MIN,TE,165.61,2016,TE1,165.61,,False
Chris,Johnson,ARI,RB,165.76,2016,RB2,6.46,165.76,False
Charles,Clay,BUF,TE,166.89,2016,TE1,166.89,,False
Chris,Hogan,NWE,WR,168.49,2016,WR3,52.45,62.45,True
Ronnie,Hillman,SDG,RB,170.15,2016,RB3,64.93,91.12,True
Pierre,Garcon,WAS,WR,170.35,2016,WR2,89.34,170.35,False
Charcandrick,West,KAN,RB,170.43,2016,RB3,17.85,142.68,False
Darren,McFadden,DAL,RB,170.81,2016,RB3,7.27,144.8,False
Austin,SeferianJenkins,NYJ,TE,171.63,2016,TE1,171.63,,False
Jordan,Howard,CHI,RB,172.03,2016,RB2,54.83,172.03,False
Davante,Adams,GNB,WR,172.53,2016,WR3,22.36,42.09,False
Paul,Perkins,NYG,RB,174.11,2016,RB2,91.4,174.11,False
Terrelle,Pryor,CLE,WR,174.23,2016,WR2,122.78,174.23,False
Josh,Doctson,WAS,WR,174.6,2016,WR3,89.34,170.35,False
Terrance,West,BAL,RB,175.08,2016,RB2,163.7,175.08,False
Richard,Rodgers,GNB,TE,175.35,2016,TE2,137.93,175.35,False
Karlos,Williams,PIT,RB,176.02,2016,RB3,12.77,82.15,False
Javorius,Allen,BAL,RB,176.3,2016,RB3,163.7,175.08,False
Jordan,Cameron,MIA,TE,176.69,2016,TE1,176.69,,False
Shane,Vereen,NYG,RB,177.63,2016,RB3,91.4,174.11,False
Terrance,Williams,DAL,WR,177.71,2016,WR2,16.92,177.71,False
Hunter,Henry,SDG,TE,178.0,2016,TE2,110.16,178.0,False
Clive,Walford,OAK,TE,178.96,2016,TE1,178.96,,False
Anquan,Boldin,DET,WR,179.25,2016,WR3,59.32,89.98,True
Virgil,Green,DEN,TE,179.99,2016,TE1,179.99,,False
Ben,Watson,BAL,TE,180.33,2016,TE1,180.33,,False
Kenny,Stills,MIA,WR,183.8,2016,WR3,46.86,90.88,True
Breshad,Perriman,BAL,WR,184.29,2016,WR3,145.4,163.66,False
Will,Tye,NYG,TE,187.39,2016,TE1,187.39,,False
Nelson,Agholor,PHI,WR,188.03,2016,WR3,79.13,160.26,False
Benny,Cunningham,LAR,RB,188.36,2016,RB2,4.16,188.36,False
Cameron,ArtisPayne,CAR,RB,188.46,2016,RB2,56.59,188.46,False
Tim,Hightower,NOR,RB,188.48,2016,RB2,25.44,188.48,False
Bruce,Ellington,SFO,WR,189.07,2016,WR2,132.92,189.07,False
Alfred,Blue,HOU,RB,189.43,2016,RB2,13.18,189.43,False
Vance,McDonald,SFO,TE,189.83,2016,TE1,189.83,,False
Braxton,Miller,HOU,WR,190.36,2016,WR3,10.89,154.56,False
Wendell,Smallwood,PHI,RB,190.49,2016,RB3,64.72,143.6,False
Andre,Ellington,ARI,RB,195.81,2016,RB3,6.46,165.76,False
Kendall,Wright,TEN,WR,196.08,2016,WR3,154.25,158.15,False
Jesse,James,PIT,TE,196.42,2016,TE2,147.73,196.42,False
Chris,Thompson,WAS,RB,196.48,2016,RB2,71.48,196.48,False
Kenjon,Barner,PHI,RB,197.31,2016,RB4,64.72,143.6,False
Josh,Ferguson,IND,RB,197.86,2016,RB2,80.93,197.86,False
Rob,Kelley,WAS,RB,199.83,2016,RB3,71.48,196.48,False
Danny,Amendola,NWE,WR,200.14,2016,WR4,52.45,62.45,True
Shaun,Draughn,SFO,RB,200.49,2016,RB2,43.08,200.49,False
Kenny,Britt,LAR,WR,202.86,2016,WR2,115.8,202.86,False
Robert,Woods,BUF,WR,206.54,2016,WR2,36.05,206.54,False
Eli,Rogers,PIT,WR,208.88,2016,WR4,1.81,129.11,False
Reggie,Bush,BUF,RB,209.86,2016,RB2,26.32,209.86,False
Jermaine,Kearse,SEA,WR,215.11,2016,WR3,52.21,83.7,True
LeVeon,Bell,PIT,RB,2.53,2017,RB1,2.53,,False
Antonio,Brown,PIT,WR,4.19,2017,WR1,4.19,63.0,False
Julio,Jones,ATL,WR,6.31,2017,WR1,6.31,152.52,False
LeSean,McCoy,BUF,RB,8.55,2017,RB1,8.55,,False
Devonta,Freeman,ATL,RB,9.26,2017,RB1,9.26,77.07,False
Mike,Evans,TAM,WR,10.66,2017,WR1,10.66,92.13,False
Melvin,Gordon,LAC,RB,11.62,2017,RB1,11.62,,False
AJ,Green,CIN,WR,13.59,2017,WR1,13.59,193.04,False
Jordy,Nelson,GNB,WR,14.07,2017,WR1,14.07,45.18,False
Jay,Ajayi,PHI,RB,16.72,2017,RB1,16.72,82.31,False
Jordan,Howard,CHI,RB,17.93,2017,RB1,17.93,178.85,False
DeMarco,Murray,TEN,RB,18.56,2017,RB1,18.56,88.25,False
Ezekiel,Elliott,DAL,RB,19.0,2017,RB1,19.0,176.41,False
Michael,Thomas,NOR,WR,20.14,2017,WR1,20.14,89.19,False
Rob,Gronkowski,NWE,TE,20.63,2017,TE1,20.63,179.16,False
Todd,Gurley,LAR,RB,21.08,2017,RB1,21.08,,False
Dez,Bryant,DAL,WR,22.11,2017,WR1,22.11,154.99,False
Amari,Cooper,OAK,WR,22.5,2017,WR1,22.5,53.01,False
Leonard,Fournette,JAX,RB,24.71,2017,RB1,24.71,188.74,False
Brandin,Cooks,NWE,WR,25.61,2017,WR1,25.61,109.16,False
TY,Hilton,IND,WR,29.21,2017,WR1,29.21,105.93,True
Christian,McCaffrey,CAR,RB,29.3,2017,RB1,29.3,118.81,False
Doug,Baldwin,SEA,WR,30.91,2017,WR1,30.91,161.1,False
Lamar,Miller,HOU,RB,31.33,2017,RB1,31.33,,False
Marshawn,Lynch,OAK,RB,32.07,2017,RB1,32.07,168.42,False
DeAndre,Hopkins,HOU,WR,35.57,2017,WR1,35.57,168.05,False
Isaiah,Crowell,CLE,RB,38.09,2017,RB1,38.09,127.45,False
Travis,Kelce,KAN,TE,39.65,2017,TE1,39.65,,False
Demaryius,Thomas,DEN,WR,41.0,2017,WR1,41.0,84.08,True
Joe,Mixon,CIN,RB,45.05,2017,RB1,45.05,159.19,False
Davante,Adams,GNB,WR,45.18,2017,WR2,14.07,45.18,False
Alshon,Jeffery,PHI,WR,45.33,2017,WR1,45.33,176.96,False
Keenan,Allen,LAC,WR,45.36,2017,WR1,45.36,116.12,False
Carlos,Hyde,SFO,RB,45.94,2017,RB1,45.94,,False
Tyreek,Hill,KAN,WR,49.34,2017,WR1,49.34,,False
Michael,Crabtree,OAK,WR,53.01,2017,WR2,22.5,53.01,False
Greg,Olsen,CAR,TE,54.5,2017,TE1,54.5,,False
Kelvin,Benjamin,BUF,WR,55.13,2017,WR1,55.13,146.76,False
CJ,Anderson,DEN,RB,55.82,2017,RB1,55.82,141.61,False
Mark,Ingram,NOR,RB,57.89,2017,RB1,57.89,149.41,False
Kareem,Hunt,KAN,RB,58.87,2017,RB1,58.87,173.38,False
Jimmy,Graham,SEA,TE,61.49,2017,TE1,61.49,,False
Golden,Tate,DET,WR,61.57,2017,WR1,61.57,126.65,False
Martavis,Bryant,PIT,WR,63.0,2017,WR2,4.19,63.0,False
Ameer,Abdullah,DET,RB,63.01,2017,RB1,63.01,122.44,False
Jarvis,Landry,MIA,WR,64.83,2017,WR1,64.83,82.76,True
Larry,Fitzgerald,ARI,WR,67.09,2017,WR1,67.09,130.29,False
Sammy,Watkins,LAR,WR,67.94,2017,WR1,67.94,155.26,False
Doug,Martin,TAM,RB,71.13,2017,RB1,71.13,137.06,False
Stefon,Diggs,MIN,WR,74.52,2017,WR1,74.52,128.11,False
Mike,Gillislee,NWE,RB,74.99,2017,RB1,74.99,136.88,False
Bilal,Powell,NYJ,RB,75.46,2017,RB1,75.46,,False
Tevin,Coleman,ATL,RB,77.07,2017,RB2,9.26,77.07,False
Jamison,Crowder,WAS,WR,81.17,2017,WR1,81.17,159.97,False
LeGarrette,Blount,PHI,RB,82.31,2017,RB2,16.72,82.31,False
DeVante,Parker,MIA,WR,82.76,2017,WR2,64.83,82.76,True
Emmanuel,Sanders,DEN,WR,84.08,2017,WR2,41.0,84.08,True
Delanie,Walker,TEN,TE,84.48,2017,TE1,84.48,,False
Eddie,Lacy,SEA,RB,88.01,2017,RB1,88.01,115.03,False
Derrick,Henry,TEN,RB,88.25,2017,RB2,18.56,88.25,False
Willie,Snead,NOR,WR,89.19,2017,WR2,20.14,89.19,False
Kyle,Rudolph,MIN,TE,90.32,2017,TE1,90.32,,False
Frank,Gore,IND,RB,91.81,2017,RB1,91.81,154.85,False
Paul,Perkins,NYG,RB,91.81,2017,RB1,91.81,182.62,False
DeSean,Jackson,TAM,WR,92.13,2017,WR2,10.66,92.13,False
Danny,Woodhead,BAL,RB,94.58,2017,RB1,94.58,103.21,True
Zach,Ertz,PHI,TE,94.68,2017,TE1,94.68,,False
Randall,Cobb,GNB,WR,97.23,2017,WR3,14.07,45.18,False
Terrance,West,BAL,RB,103.21,2017,RB2,94.58,103.21,True
Donte,Moncrief,IND,WR,105.93,2017,WR2,29.21,105.93,True
Chris,Hogan,NWE,WR,109.16,2017,WR2,25.61,109.16,False
Eric,Decker,TEN,WR,110.3,2017,WR1,110.3,116.97,False
Jeremy,Maclin,BAL,WR,113.78,2017,WR1,113.78,138.52,False
Thomas,Rawls,SEA,RB,115.03,2017,RB2,88.01,115.03,False
Tyrell,Williams,LAC,WR,116.12,2017,WR2,45.36,116.12,False
Corey,Davis,TEN,WR,116.97,2017,WR2,110.3,116.97,False
Jonathan,Stewart,CAR,RB,118.81,2017,RB2,29.3,118.81,False
Theo,Riddick,DET,RB,122.44,2017,RB2,63.01,122.44,False
Corey,Coleman,CLE,WR,124.58,2017,WR1,124.58,,False
Eric,Ebron,DET,TE,126.07,2017,TE1,126.07,,False
Marvin,Jones,DET,WR,126.65,2017,WR2,61.57,126.65,False
Samaje,Perine,WAS,RB,127.23,2017,RB1,127.23,,False
Rishard,Matthews,TEN,WR,127.26,2017,WR3,110.3,116.97,False
Duke,Johnson,CLE,RB,127.45,2017,RB2,38.09,127.45,False
Jason,Witten,DAL,TE,127.7,2017,TE1,127.7,,False
Adam,Thielen,MIN,WR,128.11,2017,WR2,74.52,128.11,False
Jack,Doyle,IND,TE,128.2,2017,TE1,128.2,,False
John,Brown,ARI,WR,130.29,2017,WR2,67.09,130.29,False
Jamaal,Williams,GNB,RB,135.95,2017,RB1,135.95,,False
James,White,NWE,RB,136.88,2017,RB2,74.99,136.88,False
Jacquizz,Rodgers,TAM,RB,137.06,2017,RB2,71.13,137.06,False
Mike,Wallace,BAL,WR,138.52,2017,WR2,113.78,138.52,False
Austin,Hooper,ATL,TE,139.41,2017,TE1,139.41,,False
Kenny,Britt,NWE,WR,140.3,2017,WR3,25.61,109.16,False
Latavius,Murray,MIN,RB,140.9,2017,RB1,140.9,,False
Jamaal,Charles,DEN,RB,141.61,2017,RB2,55.82,141.61,False
Ted,Ginn Jr,NOR,WR,143.86,2017,WR3,20.14,89.19,False
Sterling,Shepard,NYG,WR,144.62,2017,WR1,144.62,,False
Zay,Jones,BUF,WR,146.76,2017,WR2,55.13,146.76,False
Cameron,Brate,TAM,TE,147.49,2017,TE1,147.49,,False
Evan,Engram,NYG,TE,147.71,2017,TE1,147.71,,False
Rex,Burkhead,NWE,RB,149.02,2017,RB3,74.99,136.88,False
Alvin,Kamara,NOR,RB,149.41,2017,RB2,57.89,149.41,False
Mohamed,Sanu,ATL,WR,152.52,2017,WR2,6.31,152.52,False
Marlon,Mack,IND,RB,154.85,2017,RB2,91.81,154.85,False
Cole,Beasley,DAL,WR,154.99,2017,WR2,22.11,154.99,False
Cooper,Kupp,LAR,WR,155.26,2017,WR2,67.94,155.26,False
Danny,Amendola,NWE,WR,156.09,2017,WR4,25.61,109.16,False
Taylor,Gabriel,ATL,WR,156.63,2017,WR3,6.31,152.52,False
Antonio,Gates,LAC,TE,158.48,2017,TE1,158.48,,False
Kenny,Golladay,DET,WR,158.8,2017,WR3,61.57,126.65,False
Giovani,Bernard,CIN,RB,159.19,2017,RB2,45.05,159.19,False
Robby,Anderson,NYJ,WR,159.68,2017,WR1,159.68,,False
Josh,Doctson,WAS,WR,159.97,2017,WR2,81.17,159.97,False
Tyler,Lockett,SEA,WR,161.1,2017,WR2,30.91,161.1,False
Wendell,Smallwood,PHI,RB,162.19,2017,RB3,16.72,82.31,False
Jared,Cook,OAK,TE,162.33,2017,TE1,162.33,,False
Jonathan,Williams,NOR,RB,165.36,2017,RB3,57.89,149.41,False
Dion,Lewis,NWE,RB,166.4,2017,RB4,74.99,136.88,False
JuJu,SmithSchuster,PIT,WR,167.66,2017,WR3,4.19,63.0,False
Will,Fuller,HOU,WR,168.05,2017,WR2,35.57,168.05,False
DeAndre,Washington,OAK,RB,168.42,2017,RB2,32.07,168.42,False
Mike,Williams,LAC,WR,168.72,2017,WR3,45.36,116.12,False
David,Njoku,CLE,TE,170.08,2017,TE1,170.08,,False
Kenny,Stills,MIA,WR,170.86,2017,WR3,64.83,82.76,True
Charcandrick,West,KAN,RB,173.38,2017,RB2,58.87,173.38,False
Devin,Funchess,CAR,WR,175.63,2017,WR1,175.63,,False
Alfred,Morris,DAL,RB,176.41,2017,RB2,19.0,176.41,False
Torrey,Smith,PHI,WR,176.96,2017,WR2,45.33,176.96,False
Jesse,James,PIT,TE,177.37,2017,TE1,177.37,,False
Marqise,Lee,JAX,WR,177.73,2017,WR1,177.73,189.94,False
Nelson,Agholor,PHI,WR,177.91,2017,WR3,45.33,176.96,False
JJ,Nelson,ARI,WR,178.05,2017,WR3,67.09,130.29,False
Tarik,Cohen,CHI,RB,178.85,2017,RB2,17.93,178.85,False
Charles,Clay,BUF,TE,178.98,2017,TE1,178.98,,False
Dwayne,Allen,NWE,TE,179.16,2017,TE2,20.63,179.16,False
DeAngelo,Henderson,DEN,RB,179.19,2017,RB3,55.82,141.61,False
Devontae,Booker,DEN,RB,182.24,2017,RB4,55.82,141.61,False
Shane,Vereen,NYG,RB,182.62,2017,RB2,91.81,182.62,False
TJ,Yeldon,JAX,RB,188.74,2017,RB2,24.71,188.74,False
Allen,Hurns,JAX,WR,189.94,2017,WR2,177.73,189.94,False
Charles,Sims,TAM,RB,190.88,2017,RB3,71.13,137.06,False
Jalen,Richard,OAK,RB,192.05,2017,RB3,32.07,168.42,False
Paul,Richardson,SEA,WR,192.44,2017,WR3,30.91,161.1,False
Brandon,LaFell,CIN,WR,193.04,2017,WR2,13.59,193.04,False
Breshad,Perriman,BAL,WR,193.74,2017,WR3,113.78,138.52,False
Kendall,Wright,CHI,WR,195.13,2017,WR1,195.13,,False
Terrance,Williams,DAL,WR,195.31,2017,WR3,22.11,154.99,False
Chris,Ivory,JAX,RB,197.0,2017,RB3,24.71,188.74,False
Robert,Woods,LAR,WR,201.15,2017,WR3,67.94,155.26,False
Tavon,Austin,LAR,WR,205.46,2017,WR4,67.94,155.26,False
Travis,Benjamin,LAC,WR,205.8,2017,WR4,45.36,116.12,False
Austin,SeferianJenkins,NYJ,TE,207.27,2017,TE1,207.27,,False
Todd,Gurley,LAR,RB,1.69,2018,RB1,1.69,130.96,False
LeVeon,Bell,PIT,RB,2.93,2018,RB1,2.93,155.35,False
Ezekiel,Elliott,DAL,RB,4.55,2018,RB1,4.55,191.28,False
David,Johnson,ARI,RB,4.58,2018,RB1,4.58,193.22,False
Antonio,Brown,PIT,WR,6.18,2018,WR1,6.18,43.53,False
Alvin,Kamara,NOR,RB,7.74,2018,RB1,7.74,65.37,False
Saquon,Barkley,NYG,RB,8.43,2018,RB1,8.43,,False
Leonard,Fournette,JAX,RB,9.93,2018,RB1,9.93,78.03,False
DeAndre,Hopkins,HOU,WR,11.74,2018,WR1,11.74,,False
Melvin,Gordon,LAC,RB,12.33,2018,RB1,12.33,167.4,False
Odell,Beckham,NYG,WR,13.0,2018,WR1,13.0,123.68,False
Dalvin,Cook,MIN,RB,13.58,2018,RB1,13.58,126.53,False
Julio,Jones,ATL,WR,14.34,2018,WR1,14.34,132.19,False
Christian,McCaffrey,CAR,RB,18.24,2018,RB1,18.24,,False
Michael,Thomas,NOR,WR,19.21,2018,WR1,19.21,134.37,False
Davante,Adams,GNB,WR,19.28,2018,WR1,19.28,113.02,False
Rob,Gronkowski,NWE,TE,21.23,2018,TE1,21.23,,False
Keenan,Allen,LAC,WR,21.73,2018,WR1,21.73,138.01,False
Jordan,Howard,CHI,RB,26.25,2018,RB1,26.25,100.89,True
Joe,Mixon,CIN,RB,26.93,2018,RB1,26.93,132.23,False
Tyreek,Hill,KAN,WR,27.43,2018,WR1,27.43,80.01,True
Mike,Evans,TAM,WR,28.87,2018,WR1,28.87,143.25,False
Travis,Kelce,KAN,TE,29.86,2018,TE1,29.86,,False
LeSean,McCoy,BUF,RB,32.09,2018,RB1,32.09,175.15,False
Stefon,Diggs,MIN,WR,34.72,2018,WR1,34.72,42.68,True
TY,Hilton,IND,WR,34.85,2018,WR1,34.85,198.82,False
Amari,Cooper,DAL,WR,41.34,2018,WR1,41.34,152.9,False
Adam,Thielen,MIN,WR,42.68,2018,WR2,34.72,42.68,True
JuJu,SmithSchuster,PIT,WR,43.53,2018,WR2,6.18,43.53,False
Brandin,Cooks,LAR,WR,44.74,2018,WR1,44.74,94.32,True
Jarvis,Landry,CLE,WR,45.07,2018,WR1,45.07,205.5,False
Larry,Fitzgerald,ARI,WR,46.09,2018,WR1,46.09,,False
Zach,Ertz,PHI,TE,46.12,2018,TE1,46.12,178.86,False
Doug,Baldwin,SEA,WR,47.93,2018,WR1,47.93,144.73,False
Kenyan,Drake,MIA,RB,48.02,2018,RB1,48.02,189.19,False
Derrick,Henry,TEN,RB,48.59,2018,RB1,48.59,84.73,True
Lamar,Miller,HOU,RB,52.91,2018,RB1,52.91,165.99,False
Jimmy,Graham,GNB,TE,54.79,2018,TE1,54.79,,False
Chris,Hogan,NWE,WR,56.68,2018,WR1,56.68,81.59,True
Allen,Robinson,CHI,WR,57.47,2018,WR1,57.47,169.53,False
Royce,Freeman,DEN,RB,57.72,2018,RB1,57.72,130.18,False
Alshon,Jeffery,PHI,WR,61.01,2018,WR1,61.01,71.15,True
Mark,Ingram,NOR,RB,65.37,2018,RB2,7.74,65.37,False
Jamaal,Williams,GNB,RB,65.78,2018,RB1,65.78,,False
Sony,Michel,NWE,RB,69.97,2018,RB1,69.97,75.78,True
Golden,Tate,PHI,WR,71.15,2018,WR2,61.01,71.15,True
Evan,Engram,NYG,TE,71.29,2018,TE1,71.29,,False
Corey,Davis,TEN,WR,75.17,2018,WR1,75.17,194.9,False
Rex,Burkhead,NWE,RB,75.78,2018,RB2,69.97,75.78,True
Carlos,Hyde,JAX,RB,78.03,2018,RB2,9.93,78.03,False
Sammy,Watkins,KAN,WR,80.01,2018,WR2,27.43,80.01,True
Jordy,Nelson,OAK,WR,81.35,2018,WR1,81.35,,False
Julian,Edelman,NWE,WR,81.59,2018,WR2,56.68,81.59,True
Tevin,Coleman,ATL,RB,82.04,2018,RB1,82.04,,False
Marquise,Goodwin,SFO,WR,82.86,2018,WR1,82.86,,False
Kyle,Rudolph,MIN,TE,83.34,2018,TE1,83.34,,False
Michael,Crabtree,BAL,WR,83.96,2018,WR1,83.96,159.51,False
Dion,Lewis,TEN,RB,84.73,2018,RB2,48.59,84.73,True
Rashaad,Penny,SEA,RB,91.84,2018,RB1,91.84,95.6,True
Robert,Woods,LAR,WR,94.32,2018,WR2,44.74,94.32,True
Trey,Burton,CHI,TE,94.91,2018,TE1,94.91,,False
Devin,Funchess,CAR,WR,95.35,2018,WR1,95.35,142.15,False
Chris,Carson,SEA,RB,95.6,2018,RB2,91.84,95.6,True
Marlon,Mack,IND,RB,98.58,2018,RB1,98.58,158.43,False
Adrian,Peterson,WAS,RB,100.19,2018,RB1,100.19,116.35,False
Tarik,Cohen,CHI,RB,100.89,2018,RB2,26.25,100.89,True
Duke,Johnson,CLE,RB,102.63,2018,RB1,102.63,128.46,False
Robby,Anderson,NYJ,WR,104.61,2018,WR1,104.61,201.02,False
Peyton,Barber,TAM,RB,105.72,2018,RB1,105.72,106.44,True
Ronald,Jones,TAM,RB,106.44,2018,RB2,105.72,106.44,True
DeVante,Parker,MIA,WR,110.55,2018,WR1,110.55,117.2,False
Randall,Cobb,GNB,WR,113.02,2018,WR2,19.28,113.02,False
Nelson,Agholor,PHI,WR,115.29,2018,WR3,61.01,71.15,True
Chris,Thompson,WAS,RB,116.35,2018,RB2,100.19,116.35,False
Kenny,Stills,MIA,WR,117.2,2018,WR2,110.55,117.2,False
David,Njoku,CLE,TE,117.67,2018,TE1,117.67,,False
James,White,NWE,RB,118.7,2018,RB3,69.97,75.78,True
Keelan,Cole,JAX,WR,122.53,2018,WR1,122.53,166.08,False
Jamison,Crowder,WAS,WR,122.94,2018,WR1,122.94,136.96,False
Sterling,Shepard,NYG,WR,123.68,2018,WR2,13.0,123.68,False
Latavius,Murray,MIN,RB,126.53,2018,RB2,13.58,126.53,False
Kelvin,Benjamin,KAN,WR,128.41,2018,WR3,27.43,80.01,True
Nick,Chubb,CLE,RB,128.46,2018,RB2,102.63,128.46,False
Devontae,Booker,DEN,RB,130.18,2018,RB2,57.72,130.18,False
CJ,Anderson,LAR,RB,130.96,2018,RB2,1.69,130.96,False
Calvin,Ridley,ATL,WR,132.19,2018,WR2,14.34,132.19,False
Giovani,Bernard,CIN,RB,132.23,2018,RB2,26.93,132.23,False
Ted,Ginn Jr,NOR,WR,134.37,2018,WR2,19.21,134.37,False
Josh,Doctson,WAS,WR,136.96,2018,WR2,122.94,136.96,False
Mike,Williams,LAC,WR,138.01,2018,WR2,21.73,138.01,False
Mohamed,Sanu,ATL,WR,141.24,2018,WR3,14.34,132.19,False
George,Kittle,SFO,TE,141.42,2018,TE1,141.42,,False
DJ,Moore,CAR,WR,142.15,2018,WR2,95.35,142.15,False
DeSean,Jackson,TAM,WR,143.25,2018,WR2,28.87,143.25,False
Tyler,Lockett,SEA,WR,144.73,2018,WR2,47.93,144.73,False
LeGarrette,Blount,DET,RB,145.03,2018,RB1,145.03,168.29,False
Kenny,Golladay,DET,WR,145.27,2018,WR1,145.27,,False
Ty,Montgomery,BAL,RB,145.38,2018,RB1,145.38,157.28,False
Jared,Cook,OAK,TE,146.74,2018,TE1,146.74,,False
Michael,Gallup,DAL,WR,152.9,2018,WR2,41.34,152.9,False
Alfred,Morris,SFO,RB,153.38,2018,RB1,153.38,,False
Vance,McDonald,PIT,TE,154.88,2018,TE1,154.88,177.77,False
James,Conner,PIT,RB,155.35,2018,RB2,2.93,155.35,False
Tyrell,Williams,LAC,WR,155.81,2018,WR3,21.73,138.01,False
John,Ross,CIN,WR,156.87,2018,WR1,156.87,,False
Javorius,Allen,BAL,RB,157.28,2018,RB2,145.38,157.28,False
Eric,Ebron,IND,TE,157.62,2018,TE1,157.62,,False
Jordan,Wilkins,IND,RB,158.43,2018,RB2,98.58,158.43,False
John,Brown,BAL,WR,159.51,2018,WR2,83.96,159.51,False
Doug,Martin,OAK,RB,161.09,2018,RB1,161.09,,False
Austin,Hooper,ATL,TE,162.08,2018,TE1,162.08,,False
Cameron,Brate,TAM,TE,162.58,2018,TE1,162.58,,False
TJ,Yeldon,JAX,RB,162.99,2018,RB3,9.93,78.03,False
Mike,Gesicki,MIA,TE,163.73,2018,TE1,163.73,,False
DOnta,Foreman,HOU,RB,165.99,2018,RB2,52.91,165.99,False
Spencer,Ware,KAN,RB,166.05,2018,RB1,166.05,,False
Dede,Westbrook,JAX,WR,166.08,2018,WR2,122.53,166.08,False
Charles,Clay,BUF,TE,166.28,2018,TE1,166.28,,False
Chris,Godwin,TAM,WR,166.72,2018,WR3,28.87,143.25,False
Austin,Ekeler,LAC,RB,167.4,2018,RB2,12.33,167.4,False
Samaje,Perine,WAS,RB,167.46,2018,RB3,100.19,116.35,False
James,Washington,PIT,WR,167.95,2018,WR3,6.18,43.53,False
Theo,Riddick,DET,RB,168.29,2018,RB2,145.03,168.29,False
Anthony,Miller,CHI,WR,169.53,2018,WR2,57.47,169.53,False
Danny,Amendola,MIA,WR,171.47,2018,WR3,110.55,117.2,False
Ben,Watson,NOR,TE,172.68,2018,TE1,172.68,,False
TreQuan,Smith,NOR,WR,172.7,2018,WR3,19.21,134.37,False
Courtland,Sutton,DEN,WR,173.0,2018,WR1,173.0,,False
Donte,Moncrief,JAX,WR,174.28,2018,WR3,122.53,166.08,False
Cole,Beasley,DAL,WR,175.13,2018,WR3,41.34,152.9,False
Chris,Ivory,BUF,RB,175.15,2018,RB2,32.09,175.15,False
Nyheim,Hines,IND,RB,176.51,2018,RB3,98.58,158.43,False
Hayden,Hurst,BAL,TE,177.66,2018,TE1,177.66,,False
Jesse,James,PIT,TE,177.77,2018,TE2,154.88,177.77,False
John,Kelly,LAR,RB,178.56,2018,RB3,1.69,130.96,False
Dallas,Goedert,PHI,TE,178.86,2018,TE2,46.12,178.86,False
Ricky,SealsJones,ARI,TE,180.38,2018,TE1,180.38,,False
Cordarrelle,Patterson,NWE,WR,183.57,2018,WR3,56.68,81.59,True
Kalen,Ballage,MIA,RB,189.19,2018,RB2,48.02,189.19,False
Darren,Sproles,PHI,RB,189.5,2018,RB1,189.5,,False
Rod,Smith,DAL,RB,191.28,2018,RB2,4.55,191.28,False
Ameer,Abdullah,MIN,RB,192.38,2018,RB3,13.58,126.53,False
Chase,Edmonds,ARI,RB,193.22,2018,RB2,4.58,193.22,False
Vernon,Davis,WAS,TE,193.48,2018,TE1,193.48,,False
Taywan,Taylor,TEN,WR,194.9,2018,WR2,75.17,194.9,False
Mike,Wallace,PHI,WR,196.86,2018,WR4,61.01,71.15,True
Phillip,Dorsett,NWE,WR,197.35,2018,WR4,56.68,81.59,True
Ryan,Grant,IND,WR,198.82,2018,WR2,34.85,198.82,False
Jermaine,Kearse,NYJ,WR,201.02,2018,WR2,104.61,201.02,False
Kenneth,Dixon,BAL,RB,204.47,2018,RB3,145.38,157.28,False
Antonio,Callaway,CLE,WR,205.5,2018,WR2,45.07,205.5,False
Adam,Humphries,TAM,WR,209.61,2018,WR4,28.87,143.25,False
Saquon,Barkley,NYG,RB,1.61,2019,RB1,1.61,,False
Alvin,Kamara,NOR,RB,2.45,2019,RB1,2.45,95.15,False
Christian,McCaffrey,CAR,RB,3.26,2019,RB1,3.26,179.67,False
Ezekiel,Elliott,DAL,RB,6.33,2019,RB1,6.33,117.73,False
DeAndre,Hopkins,HOU,WR,6.65,2019,WR1,6.65,87.59,False
James,Conner,PIT,RB,8.77,2019,RB1,8.77,123.63,False
LeVeon,Bell,NYJ,RB,9.89,2019,RB1,9.89,170.29,False
David,Johnson,ARI,RB,10.31,2019,RB1,10.31,88.82,False
Davante,Adams,GNB,WR,10.54,2019,WR1,10.54,115.47,False
Todd,Gurley,LAR,RB,11.84,2019,RB1,11.84,171.05,False
Julio,Jones,ATL,WR,13.15,2019,WR1,13.15,53.88,False
Michael,Thomas,NOR,WR,13.55,2019,WR1,13.55,157.42,False
Tyreek,Hill,KAN,WR,14.0,2019,WR1,14.0,93.05,False
Nick,Chubb,CLE,RB,14.3,2019,RB1,14.3,101.93,False
Odell,Beckham,CLE,WR,14.73,2019,WR1,14.73,67.42,False
Dalvin,Cook,MIN,RB,16.4,2019,RB1,16.4,144.73,False
JuJu,SmithSchuster,PIT,WR,16.95,2019,WR1,16.95,128.24,False
Travis,Kelce,KAN,TE,18.77,2019,TE1,18.77,,False
Joe,Mixon,CIN,RB,20.16,2019,RB1,20.16,169.06,False
Damien,Williams,KAN,RB,22.66,2019,RB1,22.66,103.33,False
Leonard,Fournette,JAX,RB,24.34,2019,RB1,24.34,,False
Adam,Thielen,MIN,WR,28.6,2019,WR1,28.6,32.45,True
Aaron,Jones,GNB,RB,30.91,2019,RB1,30.91,161.17,False
Stefon,Diggs,MIN,WR,32.45,2019,WR2,28.6,32.45,True
Zach,Ertz,PHI,TE,32.66,2019,TE1,32.66,162.41,False
Keenan,Allen,LAC,WR,32.89,2019,WR1,32.89,60.11,True
Amari,Cooper,DAL,WR,33.78,2019,WR1,33.78,130.04,False
Derrick,Henry,TEN,RB,35.32,2019,RB1,35.32,144.51,False
Melvin,Gordon,LAC,RB,36.07,2019,RB1,36.07,77.14,True
Devonta,Freeman,ATL,RB,36.88,2019,RB1,36.88,149.5,False
George,Kittle,SFO,TE,38.23,2019,TE1,38.23,,False
Brandin,Cooks,LAR,WR,38.31,2019,WR1,38.31,45.86,True
Josh,Jacobs,OAK,RB,38.7,2019,RB1,38.7,191.87,False
Marlon,Mack,IND,RB,38.96,2019,RB1,38.96,162.27,False
Sony,Michel,NWE,RB,42.14,2019,RB1,42.14,66.17,True
TY,Hilton,IND,WR,42.99,2019,WR1,42.99,,False
Mark,Ingram,BAL,RB,43.48,2019,RB1,43.48,146.36,False
Julian,Edelman,NWE,WR,44.49,2019,WR1,44.49,145.27,False
Tyler,Lockett,SEA,WR,44.89,2019,WR1,44.89,136.3,False
Robert,Woods,LAR,WR,45.86,2019,WR2,38.31,45.86,True
David,Montgomery,CHI,RB,48.0,2019,RB1,48.0,72.43,True
Phillip,Lindsay,DEN,RB,50.97,2019,RB1,50.97,118.51,False
Calvin,Ridley,ATL,WR,53.88,2019,WR2,13.15,53.88,False
Kenny,Golladay,DET,WR,55.49,2019,WR1,55.49,97.67,True
Chris,Godwin,TAM,WR,55.6,2019,WR1,55.6,,False
Cooper,Kupp,LAR,WR,59.0,2019,WR3,38.31,45.86,True
Mike,Williams,LAC,WR,60.11,2019,WR2,32.89,60.11,True
OJ,Howard,TAM,TE,63.19,2019,TE1,63.19,188.34,False
Tyler,Boyd,CIN,WR,63.3,2019,WR1,63.3,74.0,True
James,White,NWE,RB,66.17,2019,RB2,42.14,66.17,True
Jarvis,Landry,CLE,WR,67.42,2019,WR2,14.73,67.42,False
Tevin,Coleman,SFO,RB,68.54,2019,RB1,68.54,118.33,False
DJ,Moore,CAR,WR,71.37,2019,WR1,71.37,112.92,False
Tarik,Cohen,CHI,RB,72.43,2019,RB2,48.0,72.43,True
AJ,Green,CIN,WR,74.0,2019,WR2,63.3,74.0,True
Hunter,Henry,LAC,TE,74.14,2019,TE1,74.14,,False
Austin,Ekeler,LAC,RB,77.14,2019,RB2,36.07,77.14,True
Allen,Robinson,CHI,WR,77.19,2019,WR1,77.19,147.92,False
Robby,Anderson,NYJ,WR,78.78,2019,WR1,78.78,151.59,False
Jared,Cook,NOR,TE,78.88,2019,TE1,78.88,,False
Jordan,Howard,PHI,RB,79.12,2019,RB1,79.12,85.75,True
Duke,Johnson,HOU,RB,82.27,2019,RB1,82.27,154.03,False
Corey,Davis,TEN,WR,84.0,2019,WR1,84.0,177.31,False
Miles,Sanders,PHI,RB,85.75,2019,RB2,79.12,85.75,True
Will,Fuller,HOU,WR,87.59,2019,WR2,6.65,87.59,False
Kenyan,Drake,ARI,RB,88.82,2019,RB2,10.31,88.82,False
Sterling,Shepard,NYG,WR,91.35,2019,WR1,91.35,148.93,False
Sammy,Watkins,KAN,WR,93.05,2019,WR2,14.0,93.05,False
Latavius,Murray,NOR,RB,95.15,2019,RB2,2.45,95.15,False
Vance,McDonald,PIT,TE,96.0,2019,TE1,96.0,,False
Dede,Westbrook,JAX,WR,97.09,2019,WR1,97.09,,False
Marvin,Jones,DET,WR,97.67,2019,WR2,55.49,97.67,True
Emmanuel,Sanders,SFO,WR,98.21,2019,WR1,98.21,105.79,True
Larry,Fitzgerald,ARI,WR,99.67,2019,WR1,99.67,110.63,False
David,Njoku,CLE,TE,101.9,2019,TE1,101.9,,False
Kareem,Hunt,CLE,RB,101.93,2019,RB2,14.3,101.93,False
LeSean,McCoy,KAN,RB,103.33,2019,RB2,22.66,103.33,False
Courtland,Sutton,DEN,WR,103.97,2019,WR1,103.97,183.66,False
Dante,Pettis,SFO,WR,105.79,2019,WR2,98.21,105.79,True
Christian,Kirk,ARI,WR,110.63,2019,WR2,99.67,110.63,False
Curtis,Samuel,CAR,WR,112.92,2019,WR2,71.37,112.92,False
Peyton,Barber,TAM,RB,113.25,2019,RB1,113.25,138.57,False
Adrian,Peterson,WAS,RB,113.48,2019,RB1,113.48,161.04,False
Austin,Hooper,ATL,TE,114.57,2019,TE1,114.57,,False
Geronimo,Allison,GNB,WR,115.47,2019,WR2,10.54,115.47,False
Tony,Pollard,DAL,RB,117.73,2019,RB2,6.33,117.73,False
Greg,Olsen,CAR,TE,117.99,2019,TE1,117.99,,False
Matt,Breida,SFO,RB,118.33,2019,RB2,68.54,118.33,False
Kyle,Rudolph,MIN,TE,118.35,2019,TE1,118.35,,False
Royce,Freeman,DEN,RB,118.51,2019,RB2,50.97,118.51,False
Marquez,ValdesScantling,GNB,WR,121.8,2019,WR3,10.54,115.47,False
Darwin,Thompson,KAN,RB,122.02,2019,RB3,22.66,103.33,False
Jaylen,Samuels,PIT,RB,123.63,2019,RB2,8.77,123.63,False
TJ,Hockenson,DET,TE,124.4,2019,TE1,124.4,,False
John,Brown,BUF,WR,124.86,2019,WR1,124.86,174.0,False
James,Washington,PIT,WR,128.24,2019,WR2,16.95,128.24,False
Devin,Singletary,BUF,RB,128.63,2019,RB1,128.63,183.54,False
Michael,Gallup,DAL,WR,130.04,2019,WR2,33.78,130.04,False
Jimmy,Graham,GNB,TE,130.7,2019,TE1,130.7,,False
Trey,Burton,CHI,TE,133.47,2019,TE1,133.47,,False
DK,Metcalf,SEA,WR,136.3,2019,WR2,44.89,136.3,False
Ronald,Jones,TAM,RB,138.57,2019,RB2,113.25,138.57,False
Mark,Andrews,BAL,TE,140.68,2019,TE1,140.68,,False
Justin,Jackson,LAC,RB,144.18,2019,RB3,36.07,77.14,True
Dion,Lewis,TEN,RB,144.51,2019,RB2,35.32,144.51,False
Chris,Moore,BAL,WR,144.54,2019,WR1,144.54,157.72,False
Alexander,Mattison,MIN,RB,144.73,2019,RB2,16.4,144.73,False
NKeal,Harry,NWE,WR,145.27,2019,WR2,44.49,145.27,False
Tyrell,Williams,OAK,WR,146.19,2019,WR1,146.19,190.81,False
Mohamed,Sanu,NWE,WR,146.21,2019,WR3,44.49,145.27,False
Justice,Hill,BAL,RB,146.36,2019,RB2,43.48,146.36,False
Anthony,Miller,CHI,WR,147.92,2019,WR2,77.19,147.92,False
Golden,Tate,NYG,WR,148.93,2019,WR2,91.35,148.93,False
Ito,Smith,ATL,RB,149.5,2019,RB2,36.88,149.5,False
Jason,Witten,DAL,TE,149.81,2019,TE1,149.81,,False
Jamison,Crowder,NYJ,WR,151.59,2019,WR2,78.78,151.59,False
Carlos,Hyde,HOU,RB,154.03,2019,RB2,82.27,154.03,False
Darren,Waller,OAK,TE,156.98,2019,TE1,156.98,,False
Ted,Ginn Jr,NOR,WR,157.42,2019,WR2,13.55,157.42,False
Keke,Coutee,HOU,WR,157.46,2019,WR3,6.65,87.59,False
Kenny,Stills,HOU,WR,157.61,2019,WR4,6.65,87.59,False
Marquise,Brown,BAL,WR,157.72,2019,WR2,144.54,157.72,False
Chris,Thompson,WAS,RB,161.04,2019,RB2,113.48,161.04,False
DeVante,Parker,MIA,WR,161.15,2019,WR1,161.15,186.56,False
Jamaal,Williams,GNB,RB,161.17,2019,RB2,30.91,161.17,False
Jack,Doyle,IND,TE,161.54,2019,TE1,161.54,,False
Mecole,Hardman,KAN,WR,161.69,2019,WR3,14.0,93.05,False
Nyheim,Hines,IND,RB,162.27,2019,RB2,38.96,162.27,False
Dallas,Goedert,PHI,TE,162.41,2019,TE2,32.66,162.41,False
Damien,Harris,NWE,RB,164.22,2019,RB3,42.14,66.17,True
Noah,Fant,DEN,TE,164.3,2019,TE1,164.3,,False
Tyler,Eifert,CIN,TE,164.82,2019,TE1,164.82,,False
Deebo,Samuel,SFO,WR,166.52,2019,WR3,98.21,105.79,True
TreQuan,Smith,NOR,WR,167.56,2019,WR3,13.55,157.42,False
Giovani,Bernard,CIN,RB,169.06,2019,RB2,20.16,169.06,False
Ty,Montgomery,NYJ,RB,170.29,2019,RB2,9.89,170.29,False
Randall,Cobb,DAL,WR,170.78,2019,WR3,33.78,130.04,False
Malcolm,Brown,LAR,RB,171.05,2019,RB2,11.84,171.05,False
Jakobi,Meyers,NWE,WR,172.56,2019,WR4,44.49,145.27,False
Nelson,Agholor,PHI,WR,173.63,2019,WR1,173.63,185.51,False
Cole,Beasley,BUF,WR,174.0,2019,WR2,124.86,174.0,False
Gus,Edwards,BAL,RB,176.61,2019,RB3,43.48,146.36,False
AJ,Brown,TEN,WR,177.31,2019,WR2,84.0,177.31,False
Chase,Edmonds,ARI,RB,179.23,2019,RB3,10.31,88.82,False
Mike,Davis,CAR,RB,179.67,2019,RB2,3.26,179.67,False
Demaryius,Thomas,NYJ,WR,180.03,2019,WR3,78.78,151.59,False
Adam,Humphries,TEN,WR,180.56,2019,WR3,84.0,177.31,False
Rashard,Higgins,CLE,WR,182.73,2019,WR3,14.73,67.42,False
Frank,Gore,BUF,RB,183.54,2019,RB2,128.63,183.54,False
DaeSean,Hamilton,DEN,WR,183.66,2019,WR2,103.97,183.66,False
Danny,Amendola,DET,WR,184.32,2019,WR3,55.49,97.67,True
Rex,Burkhead,NWE,RB,184.36,2019,RB4,42.14,66.17,True
Miles,Boykin,BAL,WR,184.66,2019,WR3,144.54,157.72,False
JJ,ArcegaWhiteside,PHI,WR,185.51,2019,WR2,173.63,185.51,False
Albert,Wilson,MIA,WR,186.56,2019,WR2,161.15,186.56,False
Cameron,Brate,TAM,TE,188.34,2019,TE2,63.19,188.34,False
Zay,Jones,OAK,WR,190.81,2019,WR2,146.19,190.81,False
Jalen,Richard,OAK,RB,191.87,2019,RB2,38.7,191.87,False
John,Ross,CIN,WR,199.0,2019,WR3,63.3,74.0,True
TJ,Yeldon,BUF,RB,202.03,2019,RB3,128.63,183.54,False
Christian,McCaffrey,CAR,RB,1.44,2020,RB1,1.44,,False
Saquon,Barkley,NYG,RB,3.01,2020,RB1,3.01,,False
Ezekiel,Elliott,DAL,RB,3.79,2020,RB1,3.79,152.88,False
Derrick,Henry,TEN,RB,5.64,2020,RB1,5.64,180.76,False
Michael,Thomas,NOR,WR,7.3,2020,WR1,7.3,105.95,False
Alvin,Kamara,NOR,RB,7.36,2020,RB1,7.36,115.6,False
Dalvin,Cook,MIN,RB,7.4,2020,RB1,7.4,128.65,False
Clyde,EdwardsHelaire,KAN,RB,10.64,2020,RB1,10.64,45.04,False
Aaron,Jones,GNB,RB,13.43,2020,RB1,13.43,146.99,False
Davante,Adams,GNB,WR,13.59,2020,WR1,13.59,147.44,False
Nick,Chubb,CLE,RB,15.26,2020,RB1,15.26,65.61,False
Josh,Jacobs,LVR,RB,15.33,2020,RB1,15.33,198.62,False
Tyreek,Hill,KAN,WR,16.24,2020,WR1,16.24,119.99,False
Julio,Jones,ATL,WR,17.19,2020,WR1,17.19,47.88,False
Joe,Mixon,CIN,RB,18.35,2020,RB1,18.35,189.14,False
Travis,Kelce,KAN,TE,18.81,2020,TE1,18.81,,False
DeAndre,Hopkins,ARI,WR,19.23,2020,WR1,19.23,115.64,False
Austin,Ekeler,LAC,RB,19.61,2020,RB1,19.61,148.64,False
Kenyan,Drake,ARI,RB,21.4,2020,RB1,21.4,142.71,False
Miles,Sanders,PHI,RB,22.26,2020,RB1,22.26,86.91,False
Chris,Godwin,TAM,WR,26.56,2020,WR1,26.56,27.58,True
George,Kittle,SFO,TE,27.24,2020,TE1,27.24,,False
Mike,Evans,TAM,WR,27.58,2020,WR2,26.56,27.58,True
Todd,Gurley,ATL,RB,28.38,2020,RB1,28.38,184.8,False
Kenny,Golladay,DET,WR,28.76,2020,WR1,28.76,95.55,True
Amari,Cooper,DAL,WR,31.93,2020,WR1,31.93,76.33,True
James,Conner,PIT,RB,34.68,2020,RB1,34.68,166.62,False
Raheem,Mostert,SFO,RB,35.01,2020,RB1,35.01,122.42,False
Adam,Thielen,MIN,WR,35.69,2020,WR1,35.69,126.75,False
Odell,Beckham,CLE,WR,35.94,2020,WR1,35.94,76.93,True
Chris,Carson,SEA,RB,36.35,2020,RB1,36.35,161.59,False
JuJu,SmithSchuster,PIT,WR,36.95,2020,WR1,36.95,114.92,False
David,Johnson,HOU,RB,38.02,2020,RB1,38.02,127.91,False
Jonathan,Taylor,IND,RB,39.95,2020,RB1,39.95,94.46,True
Cooper,Kupp,LAR,WR,40.4,2020,WR1,40.4,53.68,True
Leonard,Fournette,TAM,RB,40.54,2020,RB1,40.54,93.5,True
AJ,Brown,TEN,WR,44.86,2020,WR1,44.86,175.49,False
LeVeon,Bell,KAN,RB,45.04,2020,RB2,10.64,45.04,False
Allen,Robinson,CHI,WR,46.41,2020,WR1,46.41,139.3,False
Mark,Andrews,BAL,TE,47.33,2020,TE1,47.33,,False
Calvin,Ridley,ATL,WR,47.88,2020,WR2,17.19,47.88,False
Tyler,Lockett,SEA,WR,48.04,2020,WR1,48.04,53.39,True
DJ,Moore,CAR,WR,49.83,2020,WR1,49.83,152.78,False
Cam,Akers,LAR,RB,50.42,2020,RB1,50.42,147.62,False
Melvin,Gordon,DEN,RB,50.72,2020,RB1,50.72,100.85,True
Zach,Ertz,PHI,TE,51.32,2020,TE1,51.32,153.0,False
DK,Metcalf,SEA,WR,53.39,2020,WR2,48.04,53.39,True
Robert,Woods,LAR,WR,53.68,2020,WR2,40.4,53.68,True
Devin,Singletary,BUF,RB,55.33,2020,RB1,55.33,105.01,True
Keenan,Allen,LAC,WR,56.17,2020,WR1,56.17,151.33,False
Stefon,Diggs,BUF,WR,59.65,2020,WR1,59.65,127.34,False
Courtland,Sutton,DEN,WR,61.35,2020,WR1,61.35,111.94,False
AJ,Green,CIN,WR,63.41,2020,WR1,63.41,84.09,True
Terry,McLaurin,WAS,WR,64.36,2020,WR1,64.36,187.41,False
DeVante,Parker,MIA,WR,65.35,2020,WR1,65.35,139.82,False
DJ,Chark,JAX,WR,65.51,2020,WR1,65.51,175.66,False
Kareem,Hunt,CLE,RB,65.61,2020,RB2,15.26,65.61,False
TY,Hilton,IND,WR,66.2,2020,WR1,66.2,158.54,False
Darren,Waller,LVR,TE,69.76,2020,TE1,69.76,,False
Rob,Gronkowski,TAM,TE,71.58,2020,TE1,71.58,,False
Michael,Gallup,DAL,WR,76.33,2020,WR2,31.93,76.33,True
Jarvis,Landry,CLE,WR,76.93,2020,WR2,35.94,76.93,True
Marquise,Brown,BAL,WR,77.19,2020,WR1,77.19,,False
Jared,Cook,NOR,TE,77.34,2020,TE1,77.34,,False
David,Montgomery,CHI,RB,80.26,2020,RB1,80.26,101.2,True
DAndre,Swift,DET,RB,82.02,2020,RB1,82.02,93.93,True
JK,Dobbins,BAL,RB,82.23,2020,RB1,82.23,188.86,False
Julian,Edelman,NWE,WR,83.02,2020,WR1,83.02,144.89,False
Tyler,Boyd,CIN,WR,84.09,2020,WR2,63.41,84.09,True
Brandin,Cooks,HOU,WR,84.53,2020,WR1,84.53,88.42,True
Evan,Engram,NYG,TE,86.12,2020,TE1,86.12,,False
Jordan,Howard,PHI,RB,86.91,2020,RB2,22.26,86.91,False
Will,Fuller,HOU,WR,88.42,2020,WR2,84.53,88.42,True
Antonio,Gibson,WAS,RB,88.53,2020,RB1,88.53,140.88,False
James,White,NWE,RB,89.72,2020,RB1,89.72,108.89,False
Ronald,Jones,TAM,RB,93.5,2020,RB2,40.54,93.5,True
Kerryon,Johnson,DET,RB,93.93,2020,RB2,82.02,93.93,True
Marlon,Mack,IND,RB,94.46,2020,RB2,39.95,94.46,True
Marvin,Jones,DET,WR,95.55,2020,WR2,28.76,95.55,True
Hunter,Henry,LAC,TE,97.63,2020,TE1,97.63,,False
CeeDee,Lamb,DAL,WR,99.89,2020,WR3,31.93,76.33,True
Austin,Hooper,CLE,TE,100.09,2020,TE1,100.09,,False
Phillip,Lindsay,DEN,RB,100.85,2020,RB2,50.72,100.85,True
Deebo,Samuel,SFO,WR,100.91,2020,WR1,100.91,159.5,False
Tarik,Cohen,CHI,RB,101.2,2020,RB2,80.26,101.2,True
Hayden,Hurst,ATL,TE,102.92,2020,TE1,102.92,,False
Tyler,Higbee,LAR,TE,104.24,2020,TE1,104.24,190.05,False
Zack,Moss,BUF,RB,105.01,2020,RB2,55.33,105.01,True
Emmanuel,Sanders,NOR,WR,105.95,2020,WR2,7.3,105.95,False
Golden,Tate,NYG,WR,108.85,2020,WR1,108.85,112.56,False
Sony,Michel,NWE,RB,108.89,2020,RB2,89.72,108.89,False
Jerry,Jeudy,DEN,WR,111.94,2020,WR2,61.35,111.94,False
Sterling,Shepard,NYG,WR,112.56,2020,WR2,108.85,112.56,False
Darius,Slayton,NYG,WR,112.83,2020,WR3,108.85,112.56,False
Henry,Ruggs,LVR,WR,113.81,2020,WR1,113.81,164.23,False
Diontae,Johnson,PIT,WR,114.92,2020,WR2,36.95,114.92,False
Latavius,Murray,NOR,RB,115.6,2020,RB2,7.36,115.6,False
Christian,Kirk,ARI,WR,115.64,2020,WR2,19.23,115.64,False
James,Robinson,JAX,RB,116.74,2020,RB1,116.74,124.54,False
Noah,Fant,DEN,TE,119.0,2020,TE1,119.0,,False
Mecole,Hardman,KAN,WR,119.99,2020,WR2,16.24,119.99,False
Tevin,Coleman,SFO,RB,122.42,2020,RB2,35.01,122.42,False
Adrian,Peterson,DET,RB,124.12,2020,RB3,82.02,93.93,True
Chris,Thompson,JAX,RB,124.54,2020,RB2,116.74,124.54,False
Matt,Breida,MIA,RB,126.34,2020,RB1,126.34,181.27,False
Justin,Jefferson,MIN,WR,126.75,2020,WR2,35.69,126.75,False
John,Brown,BUF,WR,127.34,2020,WR2,59.65,127.34,False
Blake,Jarwin,DAL,TE,127.35,2020,TE1,127.35,,False
Duke,Johnson,HOU,RB,127.91,2020,RB2,38.02,127.91,False
Alexander,Mattison,MIN,RB,128.65,2020,RB2,7.4,128.65,False
Jamison,Crowder,NYJ,WR,129.21,2020,WR1,129.21,146.33,False
TJ,Hockenson,DET,TE,132.26,2020,TE1,132.26,,False
Mike,Gesicki,MIA,TE,135.58,2020,TE1,135.58,,False
Sammy,Watkins,KAN,WR,137.47,2020,WR3,16.24,119.99,False
Jack,Doyle,IND,TE,137.75,2020,TE1,137.75,,False
DeSean,Jackson,PHI,WR,138.38,2020,WR1,138.38,148.79,False
Anthony,Miller,CHI,WR,139.3,2020,WR2,46.41,139.3,False
Preston,Williams,MIA,WR,139.82,2020,WR2,65.35,139.82,False
Bryce,Love,WAS,RB,140.88,2020,RB2,88.53,140.88,False
Boston,Scott,PHI,RB,141.15,2020,RB3,22.26,86.91,False
Jonnu,Smith,TEN,TE,141.92,2020,TE1,141.92,,False
Chase,Edmonds,ARI,RB,142.71,2020,RB2,21.4,142.71,False
KeShawn,Vaughn,TAM,RB,143.24,2020,RB3,40.54,93.5,True
NKeal,Harry,NWE,WR,144.89,2020,WR2,83.02,144.89,False
Damien,Harris,NWE,RB,145.57,2020,RB3,89.72,108.89,False
Breshad,Perriman,NYJ,WR,146.33,2020,WR2,129.21,146.33,False
AJ,Dillon,GNB,RB,146.99,2020,RB2,13.43,146.99,False
Allen,Lazard,GNB,WR,147.44,2020,WR2,13.59,147.44,False
Darrell,Henderson,LAR,RB,147.62,2020,RB2,50.42,147.62,False
Justin,Jackson,LAC,RB,148.64,2020,RB2,19.61,148.64,False
Jalen,Reagor,PHI,WR,148.79,2020,WR2,138.38,148.79,False
Mike,Williams,LAC,WR,151.33,2020,WR2,56.17,151.33,False
Nyheim,Hines,IND,RB,151.91,2020,RB3,39.95,94.46,True
Kyle,Rudolph,MIN,TE,151.93,2020,TE1,151.93,174.36,False
Chris,Herndon,NYJ,TE,152.26,2020,TE1,152.26,,False
Robby,Anderson,CAR,WR,152.78,2020,WR2,49.83,152.78,False
Tony,Pollard,DAL,RB,152.88,2020,RB2,3.79,152.88,False
Dallas,Goedert,PHI,TE,153.0,2020,TE2,51.32,153.0,False
Eric,Ebron,PIT,TE,156.04,2020,TE1,156.04,,False
LeSean,McCoy,TAM,RB,157.32,2020,RB4,40.54,93.5,True
Larry,Fitzgerald,ARI,WR,158.01,2020,WR3,19.23,115.64,False
Curtis,Samuel,CAR,WR,158.15,2020,WR3,49.83,152.78,False
Michael,Pittman,IND,WR,158.54,2020,WR2,66.2,158.54,False
Darrel,Williams,KAN,RB,159.32,2020,RB3,10.64,45.04,False
Brandon,Aiyuk,SFO,WR,159.5,2020,WR2,100.91,159.5,False
Carlos,Hyde,SEA,RB,161.59,2020,RB2,36.35,161.59,False
Ian,Thomas,CAR,TE,163.43,2020,TE1,163.43,,False
Hunter,Renfrow,LVR,WR,164.23,2020,WR2,113.81,164.23,False
Jace,Sternberger,GNB,TE,164.37,2020,TE1,164.37,,False
CJ,Uzomah,CIN,TE,164.71,2020,TE1,164.71,,False
Devine,Ozigbo,JAX,RB,164.74,2020,RB3,116.74,124.54,False
Parris,Campbell,IND,WR,164.77,2020,WR3,66.2,158.54,False
Malcolm,Brown,LAR,RB,164.86,2020,RB3,50.42,147.62,False
Jamaal,Williams,GNB,RB,165.05,2020,RB3,13.43,146.99,False
Jaylen,Samuels,PIT,RB,166.62,2020,RB2,34.68,166.62,False
Bryan,Edwards,LVR,WR,169.28,2020,WR3,113.81,164.23,False
Darren,Fells,HOU,TE,169.69,2020,TE1,169.69,,False
Will,Dissly,SEA,TE,170.36,2020,TE1,170.36,,False
Alshon,Jeffery,PHI,WR,171.15,2020,WR3,138.38,148.79,False
Tee,Higgins,CIN,WR,171.41,2020,WR3,63.41,84.09,True
Benny,Snell,PIT,RB,171.52,2020,RB3,34.68,166.62,False
Joshua,Kelley,LAC,RB,171.61,2020,RB3,19.61,148.64,False
JD,McKissic,WAS,RB,172.0,2020,RB3,88.53,140.88,False
Cole,Beasley,BUF,WR,172.25,2020,WR3,59.65,127.34,False
Chase,Claypool,PIT,WR,172.55,2020,WR3,36.95,114.92,False
Tyler,Eifert,JAX,TE,173.69,2020,TE1,173.69,,False
Anthony,McFarland,PIT,RB,173.7,2020,RB4,34.68,166.62,False
Irv,Smith Jr,MIN,TE,174.36,2020,TE2,151.93,174.36,False
Corey,Davis,TEN,WR,175.49,2020,WR2,44.86,175.49,False
Randall,Cobb,HOU,WR,175.52,2020,WR3,84.53,88.42,True
Chris,Conley,JAX,WR,175.66,2020,WR2,65.51,175.66,False
Josh,Reynolds,LAR,WR,178.05,2020,WR3,40.4,53.68,True
Jimmy,Graham,CHI,TE,179.02,2020,TE1,179.02,,False
Jerick,McKinnon,SFO,RB,180.46,2020,RB3,35.01,122.42,False
Laviska,Shenault,JAX,WR,180.54,2020,WR3,65.51,175.66,False
Darrynton,Evans,TEN,RB,180.76,2020,RB2,5.64,180.76,False
DeAndre,Washington,MIA,RB,181.27,2020,RB2,126.34,181.27,False
Antonio,Brown,TAM,WR,181.87,2020,WR3,26.56,27.58,True
Dede,Westbrook,JAX,WR,182.48,2020,WR4,65.51,175.66,False
James,Washington,PIT,WR,182.56,2020,WR4,36.95,114.92,False
Darwin,Thompson,KAN,RB,183.78,2020,RB4,10.64,45.04,False
Marquez,ValdesScantling,GNB,WR,183.87,2020,WR3,13.59,147.44,False
Rashaad,Penny,SEA,RB,184.2,2020,RB3,36.35,161.59,False
Brian,Hill,ATL,RB,184.8,2020,RB2,28.38,184.8,False
Frank,Gore,NYJ,RB,184.85,2020,RB1,184.85,,False
Rex,Burkhead,NWE,RB,184.98,2020,RB4,89.72,108.89,False
Steven,Sims,WAS,WR,187.41,2020,WR2,64.36,187.41,False
Denzel,Mims,NYJ,WR,187.45,2020,WR3,129.21,146.33,False
Gus,Edwards,BAL,RB,188.86,2020,RB2,82.23,188.86,False
Giovani,Bernard,CIN,RB,189.14,2020,RB2,18.35,189.14,False
Gerald,Everett,LAR,TE,190.05,2020,TE2,104.24,190.05,False
Jalen,Richard,LVR,RB,198.62,2020,RB2,15.33,198.62,False
Ito,Smith,ATL,RB,205.37,2020,RB3,28.38,184.8,False
Christian,McCaffrey,CAR,RB,1.68,2021,RB1,1.68,155.1,False
Dalvin,Cook,MIN,RB,3.06,2021,RB1,3.06,142.96,False
Derrick,Henry,TEN,RB,3.36,2021,RB1,3.36,177.98,False
Alvin,Kamara,NOR,RB,4.67,2021,RB1,4.67,133.32,False
Ezekiel,Elliott,DAL,RB,8.42,2021,RB1,8.42,132.64,False
Nick,Chubb,CLE,RB,8.66,2021,RB1,8.66,57.07,False
Aaron,Jones,GNB,RB,8.85,2021,RB1,8.85,110.37,False
Davante,Adams,GNB,WR,9.23,2021,WR1,9.23,147.72,False
Tyreek,Hill,KAN,WR,10.06,2021,WR1,10.06,124.35,False
Jonathan,Taylor,IND,RB,12.19,2021,RB1,12.19,134.64,False
Saquon,Barkley,NYG,RB,12.79,2021,RB1,12.79,169.09,False
Travis,Kelce,KAN,TE,14.54,2021,TE1,14.54,,False
Stefon,Diggs,BUF,WR,15.98,2021,WR1,15.98,114.71,False
Austin,Ekeler,LAC,RB,16.79,2021,RB1,16.79,166.33,False
Najee,Harris,PIT,RB,17.87,2021,RB1,17.87,194.07,False
DK,Metcalf,SEA,WR,18.06,2021,WR1,18.06,58.1,False
DeAndre,Hopkins,ARI,WR,21.01,2021,WR1,21.01,155.86,False
Antonio,Gibson,WAS,RB,22.4,2021,RB1,22.4,131.39,False
Joe,Mixon,CIN,RB,23.12,2021,RB1,23.12,190.71,False
Clyde,EdwardsHelaire,KAN,RB,26.13,2021,RB1,26.13,166.91,False
Justin,Jefferson,MIN,WR,28.46,2021,WR1,28.46,45.95,True
AJ,Brown,TEN,WR,29.09,2021,WR1,29.09,46.96,True
Keenan,Allen,LAC,WR,29.9,2021,WR1,29.9,122.93,False
Mike,Evans,TAM,WR,30.14,2021,WR1,30.14,40.52,True
Chris,Carson,SEA,RB,30.72,2021,RB1,30.72,163.63,False
Darren,Waller,LVR,TE,31.39,2021,TE1,31.39,,False
Josh,Jacobs,LVR,RB,32.11,2021,RB1,32.11,119.55,False
David,Montgomery,CHI,RB,35.63,2021,RB1,35.63,175.18,False
George,Kittle,SFO,TE,37.15,2021,TE1,37.15,,False
Miles,Sanders,PHI,RB,38.62,2021,RB1,38.62,172.62,False
Terry,McLaurin,WAS,WR,38.73,2021,WR1,38.73,133.83,False
James,Robinson,JAX,RB,38.84,2021,RB1,38.84,94.01,True
Chris,Godwin,TAM,WR,40.52,2021,WR2,30.14,40.52,True
CeeDee,Lamb,DAL,WR,42.01,2021,WR1,42.01,50.26,True
Allen,Robinson,CHI,WR,43.17,2021,WR1,43.17,142.66,False
Adam,Thielen,MIN,WR,45.95,2021,WR2,28.46,45.95,True
Julio,Jones,TEN,WR,46.96,2021,WR2,29.09,46.96,True
Myles,Gaskin,MIA,RB,48.32,2021,RB1,48.32,134.69,False
DAndre,Swift,DET,RB,49.35,2021,RB1,49.35,120.12,False
Amari,Cooper,DAL,WR,50.26,2021,WR2,42.01,50.26,True
JK,Dobbins,BAL,RB,52.32,2021,RB1,52.32,60.19,True
Raheem,Mostert,SFO,RB,55.65,2021,RB1,55.65,87.01,True
Kareem,Hunt,CLE,RB,57.07,2021,RB2,8.66,57.07,False
Mark,Andrews,BAL,TE,57.2,2021,TE1,57.2,,False
DJ,Moore,CAR,WR,57.87,2021,WR1,57.87,93.74,True
Kyle,Pitts,ATL,TE,57.98,2021,TE1,57.98,,False
Tyler,Lockett,SEA,WR,58.1,2021,WR2,18.06,58.1,False
Cooper,Kupp,LAR,WR,58.18,2021,WR1,58.18,71.48,True
Chase,Edmonds,ARI,RB,59.44,2021,RB1,59.44,101.99,True
Mike,Davis,ATL,RB,59.64,2021,RB1,59.64,,False
Gus,Edwards,BAL,RB,60.19,2021,RB2,52.32,60.19,True
Diontae,Johnson,PIT,WR,63.34,2021,WR1,63.34,71.94,True
Damien,Harris,NWE,RB,65.19,2021,RB1,65.19,144.4,False
Darrell,Henderson,LAR,RB,65.46,2021,RB1,65.46,104.11,True
Leonard,Fournette,TAM,RB,70.13,2021,RB1,70.13,86.41,True
Melvin,Gordon,DEN,RB,70.99,2021,RB1,70.99,72.25,True
Brandon,Aiyuk,SFO,WR,71.4,2021,WR1,71.4,96.55,True
Odell,Beckham,LAR,WR,71.48,2021,WR2,58.18,71.48,True
JuJu,SmithSchuster,PIT,WR,71.94,2021,WR2,63.34,71.94,True
Javonte,Williams,DEN,RB,72.25,2021,RB2,70.99,72.25,True
JaMarr,Chase,CIN,WR,73.36,2021,WR1,73.36,78.46,True
Chase,Claypool,PIT,WR,75.27,2021,WR3,63.34,71.94,True
TJ,Hockenson,DET,TE,76.37,2021,TE1,76.37,,False
Tee,Higgins,CIN,WR,78.46,2021,WR2,73.36,78.46,True
Michael,Thomas,NOR,WR,80.92,2021,WR1,80.92,115.21,False
Courtland,Sutton,DEN,WR,81.51,2021,WR1,81.51,86.34,True
Brandin,Cooks,HOU,WR,83.8,2021,WR1,83.8,,False
Robert,Tonyan,GNB,TE,84.47,2021,TE1,84.47,,False
Kenny,Golladay,NYG,WR,85.2,2021,WR1,85.2,132.73,False
Jerry,Jeudy,DEN,WR,86.34,2021,WR2,81.51,86.34,True
Ronald,Jones,TAM,RB,86.41,2021,RB2,70.13,86.41,True
Trey,Sermon,SFO,RB,87.01,2021,RB2,55.65,87.01,True
Logan,Thomas,WAS,TE,89.73,2021,TE1,89.73,,False
Robby,Anderson,CAR,WR,93.74,2021,WR2,57.87,93.74,True
Travis,Etienne,JAX,RB,94.01,2021,RB2,38.84,94.01,True
Tyler,Boyd,CIN,WR,95.19,2021,WR3,73.36,78.46,True
Deebo,Samuel,SFO,WR,96.55,2021,WR2,71.4,96.55,True
Jarvis,Landry,CLE,WR,98.29,2021,WR1,98.29,,False
James,Conner,ARI,RB,101.99,2021,RB2,59.44,101.99,True
Corey,Davis,NYJ,WR,102.37,2021,WR1,102.37,157.2,False
DeVonta,Smith,PHI,WR,103.45,2021,WR1,103.45,160.9,False
Sony,Michel,LAR,RB,104.11,2021,RB2,65.46,104.11,True
Devin,Singletary,BUF,RB,104.36,2021,RB1,104.36,104.99,True
Zack,Moss,BUF,RB,104.99,2021,RB2,104.36,104.99,True
DJ,Chark,JAX,WR,106.99,2021,WR1,106.99,112.5,False
Noah,Fant,DEN,TE,108.83,2021,TE1,108.83,,False
Michael,Carter,NYJ,RB,109.36,2021,RB1,109.36,144.97,False
Mike,Gesicki,MIA,TE,109.55,2021,TE1,109.55,,False
AJ,Dillon,GNB,RB,110.37,2021,RB2,8.85,110.37,False
Dallas,Goedert,PHI,TE,111.67,2021,TE1,111.67,,False
Laviska,Shenault,JAX,WR,112.5,2021,WR2,106.99,112.5,False
Rob,Gronkowski,TAM,TE,112.92,2021,TE1,112.92,178.01,False
Jared,Cook,LAC,TE,113.32,2021,TE1,113.32,,False
Cole,Beasley,BUF,WR,114.71,2021,WR2,15.98,114.71,False
Marquez,Callaway,NOR,WR,115.21,2021,WR2,80.92,115.21,False
Marquise,Brown,BAL,WR,119.29,2021,WR1,119.29,167.05,False
Michael,Gallup,DAL,WR,119.4,2021,WR3,42.01,50.26,True
Kenyan,Drake,LVR,RB,119.55,2021,RB2,32.11,119.55,False
Jamaal,Williams,DET,RB,120.12,2021,RB2,49.35,120.12,False
Michael,Pittman,IND,WR,120.57,2021,WR1,120.57,148.77,False
Will,Fuller,MIA,WR,121.98,2021,WR1,121.98,125.09,False
Jonnu,Smith,NWE,TE,122.79,2021,TE1,122.79,144.2,False
Mike,Williams,LAC,WR,122.93,2021,WR2,29.9,122.93,False
Mecole,Hardman,KAN,WR,124.35,2021,WR2,10.06,124.35,False
Jaylen,Waddle,MIA,WR,125.09,2021,WR2,121.98,125.09,False
David,Johnson,HOU,RB,125.58,2021,RB1,125.58,,False
Marvin,Jones,JAX,WR,128.42,2021,WR3,106.99,112.5,False
Irv,Smith Jr,MIN,TE,128.79,2021,TE1,128.79,,False
Zach,Ertz,ARI,TE,129.05,2021,TE1,129.05,,False
JD,McKissic,WAS,RB,131.39,2021,RB2,22.4,131.39,False
Tony,Pollard,DAL,RB,132.64,2021,RB2,8.42,132.64,False
DeVante,Parker,MIA,WR,132.66,2021,WR3,121.98,125.09,False
Sterling,Shepard,NYG,WR,132.73,2021,WR2,85.2,132.73,False
Russell,Gage,ATL,WR,133.02,2021,WR1,133.02,,False
Mark,Ingram,NOR,RB,133.32,2021,RB2,4.67,133.32,False
Curtis,Samuel,WAS,WR,133.83,2021,WR2,38.73,133.83,False
Nyheim,Hines,IND,RB,134.64,2021,RB2,12.19,134.64,False
Phillip,Lindsay,MIA,RB,134.69,2021,RB2,48.32,134.69,False
Anthony,Firkser,TEN,TE,137.15,2021,TE1,137.15,,False
Nelson,Agholor,NWE,WR,139.96,2021,WR1,139.96,142.28,False
Latavius,Murray,BAL,RB,141.87,2021,RB3,52.32,60.19,True
Jakobi,Meyers,NWE,WR,142.28,2021,WR2,139.96,142.28,False
Darnell,Mooney,CHI,WR,142.66,2021,WR2,43.17,142.66,False
Alexander,Mattison,MIN,RB,142.96,2021,RB2,3.06,142.96,False
TySon,Williams,BAL,RB,144.17,2021,RB4,52.32,60.19,True
Hunter,Henry,NWE,TE,144.2,2021,TE2,122.79,144.2,False
James,White,NWE,RB,144.4,2021,RB2,65.19,144.4,False
Rhamondre,Stevenson,NWE,RB,144.59,2021,RB3,65.19,144.4,False
Tevin,Coleman,NYJ,RB,144.97,2021,RB2,109.36,144.97,False
Jeffery,Wilson,SFO,RB,145.61,2021,RB3,55.65,87.01,True
Evan,Engram,NYG,TE,145.83,2021,TE1,145.83,,False
Gabriel,Davis,BUF,WR,147.08,2021,WR3,15.98,114.71,False
Marquez,ValdesScantling,GNB,WR,147.72,2021,WR2,9.23,147.72,False
TY,Hilton,IND,WR,148.77,2021,WR2,120.57,148.77,False
Austin,Hooper,CLE,TE,152.25,2021,TE1,152.25,,False
Adam,Trautman,NOR,TE,153.8,2021,TE1,153.8,,False
Randall,Cobb,GNB,WR,155.04,2021,WR3,9.23,147.72,False
Chuba,Hubbard,CAR,RB,155.1,2021,RB2,1.68,155.1,False
Eric,Ebron,PIT,TE,155.1,2021,TE1,155.1,158.95,False
AJ,Green,ARI,WR,155.86,2021,WR2,21.01,155.86,False
Jamison,Crowder,NYJ,WR,157.2,2021,WR2,102.37,157.2,False
Pat,Freiermuth,PIT,TE,158.95,2021,TE2,155.1,158.95,False
Emmanuel,Sanders,BUF,WR,159.0,2021,WR4,15.98,114.71,False
Christian,Kirk,ARI,WR,159.3,2021,WR3,21.01,155.86,False
Rondale,Moore,ARI,WR,159.83,2021,WR4,21.01,155.86,False
TreQuan,Smith,NOR,WR,160.67,2021,WR3,80.92,115.21,False
Jalen,Reagor,PHI,WR,160.9,2021,WR2,103.45,160.9,False
Marlon,Mack,IND,RB,161.18,2021,RB3,12.19,134.64,False
Gerald,Everett,SEA,TE,161.22,2021,TE1,161.22,,False
Giovani,Bernard,TAM,RB,162.78,2021,RB3,70.13,86.41,True
Rashaad,Penny,SEA,RB,163.63,2021,RB2,30.72,163.63,False
Terrace,Marshall,CAR,WR,163.85,2021,WR3,57.87,93.74,True
Blake,Jarwin,DAL,TE,163.86,2021,TE1,163.86,,False
Jimmy,Graham,CHI,TE,164.22,2021,TE1,164.22,164.35,False
Cole,Kmet,CHI,TE,164.35,2021,TE2,164.22,164.35,False
Tony,Jones,NOR,RB,165.53,2021,RB3,4.67,133.32,False
Justin,Jackson,LAC,RB,166.33,2021,RB2,16.79,166.33,False
Darrel,Williams,KAN,RB,166.91,2021,RB2,26.13,166.91,False
Rashod,Bateman,BAL,WR,167.05,2021,WR2,119.29,167.05,False
Breshad,Perriman,TAM,WR,167.59,2021,WR3,30.14,40.52,True
Allen,Lazard,GNB,WR,168.99,2021,WR4,9.23,147.72,False
Devontae,Booker,NYG,RB,169.09,2021,RB2,12.79,169.09,False
Malcolm,Brown,MIA,RB,169.59,2021,RB3,48.32,134.69,False
Boston,Scott,PHI,RB,172.62,2021,RB2,38.62,172.62,False
Sammy,Watkins,BAL,WR,173.12,2021,WR3,119.29,167.05,False
Bryan,Edwards,LVR,WR,173.23,2021,WR1,173.23,186.51,False
Carlos,Hyde,JAX,RB,173.63,2021,RB3,38.84,94.01,True
Kenneth,Gainwell,PHI,RB,174.58,2021,RB3,38.62,172.62,False
Tarik,Cohen,CHI,RB,175.18,2021,RB2,35.63,175.18,False
Dawson,Knox,BUF,TE,176.0,2021,TE1,176.0,,False
Darrynton,Evans,TEN,RB,177.98,2021,RB2,3.36,177.98,False
OJ,Howard,TAM,TE,178.01,2021,TE2,112.92,178.01,False
AmonRa,St Brown,DET,WR,178.46,2021,WR1,178.46,,False
Parris,Campbell,IND,WR,178.93,2021,WR3,120.57,148.77,False
Jerick,McKinnon,KAN,RB,180.38,2021,RB3,26.13,166.91,False
Jack,Doyle,IND,TE,181.02,2021,TE1,181.02,,False
Wayne,Gallman,MIN,RB,181.11,2021,RB3,3.06,142.96,False
Damien,Williams,CHI,RB,181.15,2021,RB3,35.63,175.18,False
Salvon,Ahmed,MIA,RB,183.24,2021,RB4,48.32,134.69,False
Ty,Johnson,NYJ,RB,185.18,2021,RB3,109.36,144.97,False
Hunter,Renfrow,LVR,WR,186.51,2021,WR2,173.23,186.51,False
Darius,Slayton,NYG,WR,187.12,2021,WR3,85.2,132.73,False
Samaje,Perine,CIN,RB,190.71,2021,RB2,23.12,190.71,False
Benny,Snell,PIT,RB,194.07,2021,RB2,17.87,194.07,False
